no_invoice,tanggal,waktu_bayar,status,total_bayar,email_pembeli,nama_toko,alamat_kirim,biaya_kirim,no_resi,nama_jasa_kirim
V00001,30/1/2017,01/02/2017 01:22,4,Rp6143000,gtaggett5t@over-blog.com,solution-oriented Electronics,"Jl. Ludington no. 660, Tampakan 9507",93,TMK0539375841053,J&T EXPRESS
V00002,8/11/2016,10/11/2016 10:42,3,Rp3245000,mkleen21@tumblr.com,analyzing Computers,"Jl. Gerald no. 145, Skhodnya 143020",6,SHN6471068741647,PAHALA
V00003,2/3/2016,06/03/2016 17:23,3,Rp4886000,jguice6f@cyberchimps.com,Future-proofed Toys,"Jl. Burrows no. 645, Wenchang ",36,WNA2939396541293,WAHANA
V00004,9/4/2016,12/04/2016 13:46,3,Rp5058000,zbaybutt6w@cafepress.com,installation Computers,"Jl. Spaight no. 940, Tall Rif‘at ",30,TLR6069020641606,PAHALA
V00005,6/6/2016,09/06/2016 07:38,4,Rp9926000,hcastanaga1j@fda.gov,project Tools,"Jl. Crest Line no. 42, Beylagan ",99,BYG9078915641907,TIKI REGULER
V00006,6/9/2016,08/09/2016 15:41,4,Rp7883000,bbisseker4m@g.co,project Computers,"Jl. Bultman no. 539, Stare Miasto 62-571",47,SA 7156713741715,JNE YES
V00007,27/10/2016,,1,Rp9142000,jdinesen2y@vimeo.com,reciprocal Health,"Jl. Raven no. 200, Port Louis ",31,PRL6702857741670,TIKI REGULER
V00008,30/7/2016,02/08/2016 14:00,3,Rp9761000,pnursey4r@myspace.com,Centralized Home,"Jl. 3rd no. 488, Banjarsari ",24,BNR4327889641432,POS PAKET BIASA
V00009,8/3/2017,10/03/2017 21:57,2,Rp874000,lbarbrookm@google.co.uk,monitoring Books,"Jl. Portage no. 276, Baunu-Timbangan 7407",48,BU-7220109841722,TIKI REGULER
V000010,11/3/2016,14/03/2016 23:26,2,Rp1278000,sde3b@trellian.com,functionalities Toys,"Jl. Brickson Park no. 611, Maisons-Alfort 94704 CEDEX",31,MINA850883775415,POS PAKET KILAT
V000011,19/3/2017,21/03/2017 09:14,3,Rp2915000,pbroadbear2a@indiatimes.com,Decentralized Grocery,"Jl. Huxley no. 746, Guohua ",54,GOA6584199841658,WAHANA
V000012,10/1/2017,,1,Rp5398000,pnursey4r@myspace.com,installation Computers,"Jl. Melrose no. 243, Libao ",30,LB52757048415275,TIKI REGULER
V000013,2/4/2016,05/04/2016 06:51,2,Rp9477000,mmasserel1g@epa.gov,Future-proofed Toys,"Jl. Sommers no. 497, Qinglian ",43,QNI5789759541578,WAHANA
V000014,24/11/2016,26/11/2016 05:37,3,Rp3604000,paskem3o@yale.edu,time-frame Health,"Jl. Fisk no. 109, Bambakashat ",52,BMK3785699741378,JNE REGULER
V000015,25/2/2017,27/02/2017 20:23,3,Rp2392000,mepinoyu@51.la,asynchronous Industrial,"Jl. Sugar no. 582, Krasnokumskoye 357834",25,KAO3324508841332,WAHANA
V000016,17/1/2017,,1,Rp2980000,minksteri@aol.com,groupware Books,"Jl. Schurz no. 91, Karnobat 8438",42,KRB9491164841949,POS PAKET BIASA
V000017,14/3/2017,16/03/2017 08:15,4,Rp7400000,sde3b@trellian.com,non-volatile Games,"Jl. Glendale no. 266, Irvine 92619",59,IVECA23397498412,POS PAKET BIASA
V000018,17/9/2016,20/09/2016 08:36,4,Rp9418000,claraway1l@parallels.com,Business-focused Jewelery,"Jl. Sachs no. 187, Krasnaya Gorka 648581",76,KAA1931014741193,PAHALA
V000019,8/12/2016,12/12/2016 06:35,2,Rp6632000,sdadsond@qq.com,conglomeration Jewelery,"Jl. Grim no. 654, Bilqās ",76,BLS0298711841029,JNE OKE
V000020,11/5/2016,13/05/2016 02:39,4,Rp134000,hstapleton38@geocities.com,alliance Toys,"Jl. Schlimgen no. 701, Zalanga ",29,ZLG6734392641673,JNE REGULER
V000021,6/5/2016,,1,Rp2348000,ghurleston45@netlog.com,circuit Automotive,"Jl. Veith no. 51, Vila Pouca da Beira 3400-759",39,VLP0674525526417,JNE YES
V000022,16/10/2016,,1,Rp7147000,ryedall62@arizona.edu,analyzer Computers,"Jl. Sunnyside no. 743, Novopskov ",92,NVS6283166741628,JNE REGULER
V000023,22/5/2016,26/05/2016 08:39,4,Rp6323000,amilstead5i@umich.edu,mission-critical Electronics,"Jl. Haas no. 539, Tujing ",44,TJG1636093641163,POS PAKET KILAT
V000024,15/10/2016,,1,Rp4233000,svezey6j@va.gov,Robust Garden,"Jl. Anzinger no. 366, Xiaoxi ",66,XAI0517156741051,WAHANA
V000025,30/5/2016,03/06/2016 17:38,3,Rp903000,pworsfold3n@chron.com,Up-sized Movies,"Jl. Riverside no. 995, Novocheboksarsk 429959",70,NVH3199264641319,PAHALA
V000026,12/2/2016,14/02/2016 06:26,3,Rp3393000,rmullin1q@google.co.uk,Future-proofed Toys,"Jl. Oakridge no. 177, Yuncao ",3,YNO8148525541814,JNE REGULER
V000027,31/3/2017,04/04/2017 07:31,2,Rp6677000,rhaselhurst41@netvibes.com,Implemented Grocery,"Jl. Bayside no. 894, La Jutosa ",88,L T3745490941374,JNE REGULER
V000028,10/3/2017,12/03/2017 12:32,4,Rp1875000,hborn8@sakura.ne.jp,knowledge base Games,"Jl. Sunnyside no. 650, Mērsrags ",87,MRA3719419841371,WAHANA
V000029,10/5/2016,14/05/2016 11:19,2,Rp3351000,gcopes1@earthlink.net,customer loyalty Movies,"Jl. Fair Oaks no. 398, Zhushan ",63,ZUA0719782641071,POS PAKET BIASA
V000030,27/12/2016,30/12/2016 01:25,4,Rp3630000,uguiducci43@istockphoto.com,monitoring Books,"Jl. Spenser no. 187, Ongandjera ",91,OGD0391082841039,JNE REGULER
V000031,7/2/2017,09/02/2017 03:31,3,Rp7213000,rhouldey3d@latimes.com,global Tools,"Jl. Scoville no. 65, Horní Bečva 756 57",71,HR 7628346841762,J&T EXPRESS
V000032,9/12/2016,13/12/2016 04:14,2,Rp997000,ldoram48@xrea.com,Ameliorated Movies,"Jl. Sachs no. 655, Columbus 43240",93,CLBOH96865218419,POS PAKET KILAT
V000033,14/2/2017,16/02/2017 09:36,3,Rp6333000,apetrasek3x@cocolog-nifty.com,Compatible Outdoors,"Jl. Starling no. 152, Domont 95445 CEDEX",36,DMTA878946078417,WAHANA
V000034,18/1/2016,22/01/2016 06:21,4,Rp2481000,gtaggett5t@over-blog.com,Advanced Baby,"Jl. Thompson no. 6, Sorochinsk 461949",26,SRH4708903541470,LION PARCEL
V000035,2/1/2016,05/01/2016 21:50,3,Rp6130000,cshrimptone5f@gov.uk,algorithm Garden,"Jl. Coleman no. 207, Sá 4840-080",56,S036441771541644,POS PAKET BIASA
V000036,23/4/2017,25/04/2017 05:56,2,Rp1914000,bbisseker4m@g.co,eco-centric Industrial,"Jl. Fulton no. 1, Jaroměřice 569 44",5,JRě4796292941479,POS PAKET KILAT
V000037,30/6/2016,04/07/2016 03:26,3,Rp4920000,ryedall62@arizona.edu,Implemented Grocery,"Jl. East no. 408, Năm Căn ",61,NMă1717527641171,TIKI REGULER
V000038,10/4/2016,12/04/2016 18:38,4,Rp4109000,cbrumen4a@skype.com,complexity Tools,"Jl. Havey no. 989, Ajung ",100,AU83531306418353,WAHANA
V000039,2/2/2017,04/02/2017 13:16,4,Rp9562000,rexley26@barnesandnoble.com,Persevering Outdoors,"Jl. Holy Cross no. 644, Revda 623287",46,RV10414068411041,WAHANA
V000040,8/4/2016,12/04/2016 09:04,2,Rp6205000,gtofanon@ustream.tv,groupware Books,"Jl. Carioca no. 531, Ystad 271 60",74,YTM5426010641542,LION PARCEL
V000041,8/4/2017,11/04/2017 16:10,4,Rp5777000,glarmett22@reuters.com,solution-oriented Baby,"Jl. Coolidge no. 109, Oncativo 5986",85,OCI8087661941808,JNE REGULER
V000042,16/3/2017,20/03/2017 10:38,2,Rp7876000,jalenshev3l@sciencedaily.com,Persevering Outdoors,"Jl. Loeprich no. 57, Perpignan 66019 CEDEX 9",85,PRGA989606698418,LION PARCEL
V000043,6/11/2016,09/11/2016 04:02,2,Rp9495000,castlesa@paginegialle.it,Customizable Shoes,"Jl. Arrowood no. 876, Wangon ",97,WNN5694048741569,WAHANA
V000044,21/4/2016,23/04/2016 00:35,2,Rp2912000,wgoldingay15@shop-pro.jp,Diverse Movies,"Jl. Di Loreto no. 163, Rio Verde de Mato Grosso 79480-000",59,ROE5498911641549,POS PAKET KILAT
V000045,28/2/2016,01/03/2016 15:48,4,Rp4984000,kaleevyq@msn.com,algorithm Music,"Jl. Birchwood no. 76, Pleasant Point 7947",40,PEA8844766541884,JNE REGULER
V000046,21/4/2016,23/04/2016 03:46,2,Rp3646000,gtofanon@ustream.tv,task-force Movies,"Jl. Ramsey no. 652, Dongtucheng ",28,DNU9830121641983,TIKI REGULER
V000047,1/3/2016,04/03/2016 14:27,3,Rp1939000,hlodford3j@slate.com,system engine Computers,"Jl. Hayes no. 283, Banraeaba Village ",27,BNE8242486541824,JNE REGULER
V000048,2/2/2016,,1,Rp531000,dhurne4@nydailynews.com,Implemented Games,"Jl. Laurel no. 393, Guanba ",84,GAA6694044541669,J&T EXPRESS
V000049,27/12/2016,30/12/2016 10:10,3,Rp2858000,rdidball53@webs.com,circuit Automotive,"Jl. Parkside no. 661, Pitangueiras 14750-000",73,PTG5043382841504,POS PAKET KILAT
V000050,31/3/2016,02/04/2016 07:46,2,Rp1757000,bambersonv@wp.com,Stand-alone Outdoors,"Jl. Bay no. 908, Sanzhou ",89,SNO7040149541704,PAHALA
V000051,24/10/2016,27/10/2016 20:46,3,Rp6068000,jwheelwright6u@i2i.jp,software Garden,"Jl. Amoth no. 423, Oodweyne ",59,ODY5691437741569,JNE YES
V000052,24/8/2016,28/08/2016 05:18,3,Rp6778000,elamcken27@hud.gov,software Garden,"Jl. Iowa no. 77, Marína ",13,MRA4195102741419,PAHALA
V000053,26/2/2017,,1,Rp3253000,ebewfield1e@icio.us,Implemented Games,"Jl. Dapin no. 935, Fagersta 737 32",21,FGSU371380884137,WAHANA
V000054,29/5/2016,,1,Rp7304000,ntye6t@dyndns.org,tertiary Home,"Jl. School no. 180, Naivasha ",1,NIS8781554641878,TIKI REGULER
V000055,16/7/2016,20/07/2016 15:42,2,Rp5089000,mquittonden51@acquirethisname.com,analyzing Computers,"Jl. Heffernan no. 698, Drybin ",1,DYN2573868641257,POS PAKET BIASA
V000056,3/8/2016,06/08/2016 15:30,2,Rp5302000,mmcfadden5x@live.com,software Books,"Jl. Atwood no. 34, Amaigbo ",95,AAB7428320741742,TIKI REGULER
V000057,31/1/2016,04/02/2016 04:09,4,Rp9027000,dreefe@springer.com,asymmetric Baby,"Jl. Sundown no. 846, Loučeň 289 37",39,LUň8433124541843,J&T EXPRESS
V000058,12/7/2016,16/07/2016 23:46,4,Rp7990000,tblackway61@51.la,empowering Beauty,"Jl. Acker no. 671, Huze ",39,HZ56176386415617,LION PARCEL
V000059,8/9/2016,,1,Rp6938000,rosesnanes@nationalgeographic.com,analyzing Computers,"Jl. Hudson no. 4, Jincang ",43,JNN6409133741640,WAHANA
V000060,2/7/2016,06/07/2016 21:58,4,Rp8081000,bcradick3t@squidoo.com,asynchronous Industrial,"Jl. Toban no. 669, Ourinhos 19900-000",45,ORH5866947641586,J&T EXPRESS
V000061,24/5/2016,26/05/2016 22:23,4,Rp3194000,ldoore32@loc.gov,Customer-focused Kids,"Jl. Portage no. 221, Grenoble 38009 CEDEX 1",75,GEBB972682146417,J&T EXPRESS
V000062,30/3/2016,02/04/2016 22:26,4,Rp2379000,fkynston4i@fda.gov,Re-engineered Jewelery,"Jl. Transport no. 452, Sabaneta ",6,SBE8776739541877,PAHALA
V000063,5/2/2016,09/02/2016 07:58,2,Rp2932000,egiles42@sitemeter.com,Secured Baby,"Jl. Spaight no. 644, Chinju ",17,CIU7909564541790,LION PARCEL
V000064,11/8/2016,14/08/2016 06:25,3,Rp5723000,lbarbrookm@google.co.uk,Implemented Games,"Jl. Susan no. 70, Banaba 4125",81,BNA3176980741317,LION PARCEL
V000065,16/2/2016,18/02/2016 16:24,2,Rp4541000,hborn8@sakura.ne.jp,Stand-alone Music,"Jl. Lien no. 934, Sanfang ",26,SNN4589365541458,PAHALA
V000066,19/2/2017,,1,Rp9215000,rpigott17@vimeo.com,mission-critical Electronics,"Jl. Ludington no. 953, Peristerá ",1,PRT6025257841602,LION PARCEL
V000067,13/2/2017,15/02/2017 05:43,4,Rp7554000,pshillington1m@usda.gov,Compatible Outdoors,"Jl. South no. 773, Miragaia 2530-407",7,MRA1160646968416,LION PARCEL
V000068,8/2/2016,,1,Rp7163000,svezey6j@va.gov,asynchronous Industrial,"Jl. Longview no. 374, Amuñgan 4611",1,AUA1754294541175,POS PAKET KILAT
V000069,6/1/2016,08/01/2016 16:13,4,Rp7746000,ccheale1p@bbc.co.uk,analyzing Computers,"Jl. Hooker no. 969, San Cosme y Damián ",97,SNO2286902541228,LION PARCEL
V000070,8/3/2017,12/03/2017 08:11,4,Rp7209000,scoppo50@facebook.com,grid-enabled Music,"Jl. Welch no. 580, Qiling ",24,QLG4860698841486,PAHALA
V000071,29/1/2016,31/01/2016 17:22,2,Rp7427000,rexley26@barnesandnoble.com,Re-contextualized Automotive,"Jl. Melrose no. 704, Gulrip’shi ",99,GLP6718804541671,JNE YES
V000072,6/12/2016,10/12/2016 06:50,4,Rp3380000,msaltsberger69@hud.gov,Face to face Electronics,"Jl. Monterey no. 852, Sarkand ",61,SRN4507001841450,POS PAKET BIASA
V000073,6/2/2016,09/02/2016 00:43,4,Rp455000,mrobert1i@pcworld.com,holistic Shoes,"Jl. Washington no. 70, Houndé ",67,HUé3249174541324,POS PAKET BIASA
V000074,20/4/2016,,1,Rp5760000,fboheao@baidu.com,functionalities Toys,"Jl. Ridgeview no. 633, Rogoźnik 42-625",80,RGN0565111641056,TIKI REGULER
V000075,1/12/2016,03/12/2016 14:49,4,Rp6522000,eduddle34@redcross.org,knowledge base Games,"Jl. Del Sol no. 109, Lavia 38601",3,LV45730608414573,JNE REGULER
V000076,9/5/2016,12/05/2016 05:32,3,Rp3935000,istoate5w@wix.com,algorithm Industrial,"Jl. Kings no. 439, Schaan 9494",32,SHN9391772641939,JNE OKE
V000077,28/2/2016,01/03/2016 19:44,2,Rp6527000,gkristoffersen63@businesswire.com,monitoring Books,"Jl. Katie no. 696, Matsumoto 996-0051",5,MTM3868866541386,J&T EXPRESS
V000078,9/12/2016,13/12/2016 00:41,4,Rp4480000,kbreukelman39@dot.gov,analyzer Computers,"Jl. Sloan no. 46, Saguing 9401",95,SGN6904421841690,POS PAKET BIASA
V000079,3/11/2016,05/11/2016 15:40,3,Rp5158000,stither4h@google.ru,Compatible Outdoors,"Jl. Red Cloud no. 792, Železnice 507 13",83,ŽLN4367818741436,JNE REGULER
V000080,12/3/2017,14/03/2017 13:40,4,Rp8018000,mtooley1s@storify.com,installation Computers,"Jl. Dottie no. 931, Huangdu ",25,HAD9006239841900,WAHANA
V000081,16/7/2016,19/07/2016 20:19,3,Rp2350000,ehegley25@seattletimes.com,empowering Beauty,"Jl. Kinsman no. 626, Fengchan ",98,FNH7430078641743,LION PARCEL
V000082,31/10/2016,04/11/2016 20:48,3,Rp7815000,cabby4b@cyberchimps.com,holistic Shoes,"Jl. Hoard no. 488, Yunping ",58,YNN0296497741029,J&T EXPRESS
V000083,22/11/2016,,1,Rp2647000,md3c@about.com,mission-critical Baby,"Jl. Spohn no. 162, Örnsköldsvik 891 86",68,ÖNöY575438974157,JNE YES
V000084,10/1/2016,14/01/2016 09:46,2,Rp344000,wfullylovep@aboutads.info,grid-enabled Music,"Jl. Graedel no. 985, Pompéu 35640-000",98,PMU5919142541591,JNE YES
V000085,11/10/2016,15/10/2016 08:35,2,Rp728000,ptesh5a@salon.com,solution-oriented Baby,"Jl. Harper no. 197, Xunzhong ",39,XNO4194716741419,PAHALA
V000086,20/3/2016,22/03/2016 14:30,3,Rp2513000,mtooley1s@storify.com,Re-engineered Jewelery,"Jl. Eastlawn no. 98, Regidor 133567",64,RGO4124848541412,JNE OKE
V000087,23/3/2016,27/03/2016 02:13,3,Rp5405000,cchastenet44@jiathis.com,Business-focused Jewelery,"Jl. Morrow no. 161, Vale de Rolas 2840-137",66,VLD1581299685418,PAHALA
V000088,15/1/2017,17/01/2017 20:54,3,Rp104000,jguice6f@cyberchimps.com,Quality-focused Music,"Jl. Emmet no. 572, La Virtud ",91,L R5763154841576,JNE REGULER
V000089,29/7/2016,01/08/2016 05:54,2,Rp2905000,nverlinde5l@globo.com,Face to face Electronics,"Jl. Warbler no. 574, Oqtosh ",38,OTH1661779641166,TIKI REGULER
V000090,21/11/2016,23/11/2016 06:38,4,Rp8730000,bstukings1o@elpais.com,Stand-alone Music,"Jl. Bashford no. 727, Cihideung Satu ",10,CHE8030179741803,POS PAKET BIASA
V000091,22/3/2016,25/03/2016 09:20,3,Rp829000,rhallick2d@shutterfly.com,groupware Books,"Jl. Hintze no. 829, Shangqiu ",64,SAQ4148368541414,POS PAKET BIASA
V000092,19/6/2016,21/06/2016 18:24,3,Rp6275000,rdidball53@webs.com,radical Movies,"Jl. Jenifer no. 88, Hato Mayor del Rey 11003",44,HTM7960636641796,PAHALA
V000093,12/9/2016,16/09/2016 17:30,3,Rp6432000,forudden6m@webeden.co.uk,instruction set Beauty,"Jl. Bunting no. 60, Freiria 2040-105",11,FEI1413410737411,LION PARCEL
V000094,25/5/2016,27/05/2016 12:32,2,Rp1106000,lbottom1b@blinklist.com,installation Computers,"Jl. Nova no. 639, Sanli ",99,SN33597146413359,J&T EXPRESS
V000095,2/3/2016,06/03/2016 07:39,3,Rp9530000,rbuxey5o@scientificamerican.com,frame Beauty,"Jl. Derek no. 206, Ortega 735517",83,OTA3434096541343,JNE YES
V000096,13/11/2016,16/11/2016 05:06,3,Rp3643000,rhouldey3d@latimes.com,Organic Electronics,"Jl. Cottonwood no. 758, Fuwah ",20,FW46531097414653,TIKI REGULER
V000097,16/8/2016,19/08/2016 12:08,4,Rp3019000,plorenz3r@fotki.com,reciprocal Health,"Jl. Bayside no. 443, Dongcun ",99,DNU4929431741492,J&T EXPRESS
V000098,13/12/2016,17/12/2016 19:05,3,Rp2342000,pshillington1m@usda.gov,functionalities Home,"Jl. Kensington no. 402, Tapon 6035",32,TP25955618412595,POS PAKET KILAT
V000099,21/12/2016,23/12/2016 12:49,4,Rp8359000,claraway1l@parallels.com,approach Kids,"Jl. Carpenter no. 539, Murfreesboro 37131",73,MRETN39542328413,J&T EXPRESS
V0000100,26/11/2016,28/11/2016 01:31,4,Rp8011000,kbreukelman39@dot.gov,non-volatile Games,"Jl. Stephen no. 532, Dún Laoghaire A96",14,DNA3983210841398,J&T EXPRESS
V0000101,5/4/2017,07/04/2017 02:46,3,Rp6932000,owoolliams1w@unc.edu,solution-oriented Electronics,"Jl. Weeping Birch no. 383, Tanghua ",50,TNU6630631941663,J&T EXPRESS
V0000102,19/5/2016,23/05/2016 00:53,2,Rp653000,ntrevorr@fc2.com,analyzing Computers,"Jl. Marcy no. 438, Ribeira 3360-257",97,RBR0683291636418,PAHALA
V0000103,31/7/2016,,1,Rp5548000,rbuckland36@last.fm,Future-proofed Toys,"Jl. Gateway no. 24, Huancarqui ",11,HAA2143699641214,WAHANA
V0000104,21/11/2016,25/11/2016 14:58,3,Rp5428000,carchambault67@cam.ac.uk,installation Computers,"Jl. Larry no. 750, Lamalewo ",73,LME8820479741882,PAHALA
V0000105,28/6/2016,02/07/2016 09:27,2,Rp3827000,istreeton2u@yellowbook.com,project Tools,"Jl. Fairview no. 904, Tianxingchang ",12,TAI1406017641140,TIKI REGULER
V0000106,27/7/2016,29/07/2016 03:14,3,Rp8852000,rdidball53@webs.com,project Computers,"Jl. Hoard no. 228, Gnieżdżewo 84-130",42,GID7529859641752,JNE YES
V0000107,11/12/2016,13/12/2016 08:36,4,Rp4236000,hbeloe1z@freewebs.com,reciprocal Health,"Jl. Victoria no. 414, Qianqiao ",21,QAI6145441841614,TIKI REGULER
V0000108,28/10/2016,30/10/2016 06:12,3,Rp1271000,sokeenan23@csmonitor.com,Centralized Home,"Jl. Parkside no. 259, Shouxihu ",85,SOI6415367741641,POS PAKET BIASA
V0000109,12/7/2016,16/07/2016 02:48,2,Rp2103000,mmasserel1g@epa.gov,monitoring Books,"Jl. Duke no. 327, Abucay 2114",3,AUY4961928641496,TIKI REGULER
V0000110,15/4/2017,,1,Rp1064000,wzanini2t@yahoo.co.jp,functionalities Toys,"Jl. Grayhawk no. 675, Golub-Dobrzyń 87-401",24,GL-2083222941208,POS PAKET KILAT
V0000111,7/2/2016,10/02/2016 22:53,3,Rp1159000,atitterrell0@pagesperso-orange.fr,Decentralized Grocery,"Jl. Erie no. 32, Prachamtakham 25130",94,PAA6855884541685,WAHANA
V0000112,19/7/2016,23/07/2016 09:26,4,Rp5662000,msteggals6q@ox.ac.uk,installation Computers,"Jl. Anderson no. 409, Gunungkendeng ",9,GNG5730298641573,TIKI REGULER
V0000113,12/3/2017,,1,Rp5299000,fsothern6c@dailymail.co.uk,Future-proofed Toys,"Jl. Namekagon no. 875, Miasteczko Śląskie 42-610",77,MAE1057239841105,WAHANA
V0000114,11/6/2016,,1,Rp7662000,sricardin6s@furl.net,time-frame Health,"Jl. Shelley no. 431, Staryy Cherek 361327",41,SAY1934365641193,JNE REGULER
V0000115,20/10/2016,24/10/2016 00:18,3,Rp6354000,hstapleton38@geocities.com,asynchronous Industrial,"Jl. Schmedeman no. 69, Rosmalen 5244",95,RSL0660722967416,WAHANA
V0000116,16/3/2016,20/03/2016 06:50,4,Rp9701000,sdadsond@qq.com,groupware Books,"Jl. Sachs no. 404, Hebei ",88,HB95011185419501,POS PAKET BIASA
V0000117,19/8/2016,22/08/2016 04:41,2,Rp2968000,mmcfadden5x@live.com,non-volatile Games,"Jl. Ruskin no. 31, Mae Wang 50360",14,MEA4861851741486,POS PAKET BIASA
V0000118,29/3/2016,02/04/2016 08:42,3,Rp5604000,rdidball53@webs.com,Business-focused Jewelery,"Jl. Logan no. 101, Debre Sīna ",77,DB 2690429541269,PAHALA
V0000119,19/4/2017,,1,Rp9082000,csaladine6a@businesswire.com,conglomeration Jewelery,"Jl. Nobel no. 334, Lampihung ",51,LMH8955462941895,JNE OKE
V0000120,2/2/2016,05/02/2016 00:29,2,Rp8356000,cseamans2c@indiatimes.com,alliance Toys,"Jl. Red Cloud no. 606, Pondokwungu ",86,PNK9492734541949,JNE REGULER
V0000121,10/2/2017,14/02/2017 04:47,4,Rp8304000,vmolyneaux10@google.com.au,circuit Automotive,"Jl. Ryan no. 649, Reckange-sur-Mess L-4982",37,RCN1302076841130,JNE YES
V0000122,2/7/2016,06/07/2016 13:09,4,Rp2150000,ahaverson3v@columbia.edu,analyzer Computers,"Jl. Mifflin no. 78, Annecy 74009 CEDEX",90,ANYB948946476414,JNE REGULER
V0000123,14/4/2016,18/04/2016 11:06,2,Rp670000,gpickervancew@va.gov,mission-critical Electronics,"Jl. Pleasure no. 781, Novopokrovka 433452",81,NVO1102360641110,POS PAKET KILAT
V0000124,25/8/2016,27/08/2016 01:17,3,Rp7948000,aodevey2z@prlog.org,Robust Garden,"Jl. Center no. 792, Remedios 052828",75,RMI9487802741948,WAHANA
V0000125,10/7/2016,14/07/2016 15:18,3,Rp5181000,sdadsond@qq.com,Up-sized Movies,"Jl. Dorton no. 199, Lianglin ",12,LAL5393618641539,PAHALA
V0000126,27/1/2016,29/01/2016 22:26,4,Rp4349000,mborlease2g@com.com,Future-proofed Toys,"Jl. Blackbird no. 676, Laï ",57,Lï56533935415653,JNE REGULER
V0000127,21/2/2016,23/02/2016 19:45,3,Rp5459000,tadame4c@alexa.com,Implemented Grocery,"Jl. Gulseth no. 928, Jaba‘ ",89,JB71938065417193,JNE REGULER
V0000128,27/10/2016,31/10/2016 23:23,4,Rp2152000,vgissing12@google.fr,knowledge base Games,"Jl. La Follette no. 790, Degerfors 693 30",4,DGFT095016774109,WAHANA
V0000129,11/2/2016,,1,Rp1100000,rstump59@thetimes.co.uk,customer loyalty Movies,"Jl. Oak Valley no. 253, Ankou ",41,AK46607155414660,POS PAKET BIASA
V0000130,12/10/2016,15/10/2016 12:55,4,Rp2446000,glarmett22@reuters.com,monitoring Books,"Jl. Knutson no. 483, Chengmen ",57,CEM2196726741219,JNE REGULER
V0000131,13/5/2016,17/05/2016 21:52,2,Rp3923000,jjeffcoat5e@npr.org,global Tools,"Jl. Fallview no. 269, Emiliano Zapata 51355",76,EIAMEX2436713641,J&T EXPRESS
V0000132,30/9/2016,02/10/2016 23:58,2,Rp702000,forudden6m@webeden.co.uk,Ameliorated Movies,"Jl. Derek no. 858, Tunis ",88,TN40997257414099,POS PAKET KILAT
V0000133,3/4/2017,07/04/2017 16:40,2,Rp7650000,hlinklet1a@answers.com,Compatible Outdoors,"Jl. Bay no. 304, Kuafeu ",10,KAU4567321941456,WAHANA
V0000134,1/1/2016,05/01/2016 21:27,3,Rp5631000,cshrimptone5f@gov.uk,Advanced Baby,"Jl. Fairview no. 429, Trenggulunan ",84,TEG2663861541266,LION PARCEL
V0000135,2/4/2016,04/04/2016 18:21,2,Rp5301000,bgenders52@noaa.gov,algorithm Garden,"Jl. Corry no. 656, Casma ",82,CS68212695416821,POS PAKET BIASA
V0000136,7/7/2016,10/07/2016 01:44,4,Rp7992000,ktilbey2m@freewebs.com,eco-centric Industrial,"Jl. American Ash no. 247, Bearna F93",93,BAA9485587641948,POS PAKET KILAT
V0000137,9/3/2017,12/03/2017 16:36,3,Rp550000,amcsparran6b@springer.com,Implemented Grocery,"Jl. Sutteridge no. 20, Romny 676620",89,RM70477098417047,TIKI REGULER
V0000138,27/10/2016,30/10/2016 19:47,2,Rp2870000,djentle13@live.com,complexity Tools,"Jl. Surrey no. 775, Kněžpole 793 51",20,KěO0567957741056,WAHANA
V0000139,7/7/2016,11/07/2016 09:12,4,Rp3580000,rreeson1y@cnet.com,Persevering Outdoors,"Jl. American no. 637, Stoczek 07-104",32,SOE3372887641337,WAHANA
V0000140,23/12/2016,,1,Rp4177000,bbryant56@bbc.co.uk,groupware Books,"Jl. Express no. 241, Jiefang ",71,JEN3797252841379,LION PARCEL
V0000141,23/4/2016,25/04/2016 21:09,4,Rp2729000,tblackway61@51.la,solution-oriented Baby,"Jl. Union no. 222, Mölndal 431 10",88,MLAO087544164108,JNE REGULER
V0000142,28/1/2017,01/02/2017 17:22,2,Rp8916000,rmooney4j@theatlantic.com,Persevering Outdoors,"Jl. East no. 213, Liuhe ",14,LU46142658414614,LION PARCEL
V0000143,1/1/2016,05/01/2016 06:05,3,Rp5919000,rdidball53@webs.com,Customizable Shoes,"Jl. Del Sol no. 982, Bāgh-e Maīdān ",59,BGE1438261541143,WAHANA
V0000144,21/5/2016,24/05/2016 11:01,2,Rp4768000,cabby4b@cyberchimps.com,Diverse Movies,"Jl. Grover no. 812, Marseille 13456 CEDEX 13",88,MRIB850582836415,POS PAKET KILAT
V0000145,1/2/2017,03/02/2017 22:43,2,Rp9352000,kantoniat5b@hc360.com,algorithm Music,"Jl. Dayton no. 18, Malichang ",69,MLH8998895841899,JNE REGULER
V0000146,16/2/2017,19/02/2017 01:59,4,Rp6075000,tskittreal5p@360.cn,task-force Movies,"Jl. Sage no. 191, Stuttgart Stuttgart-Mitte 70180",16,SUGBW88301278418,TIKI REGULER
V0000147,1/2/2016,04/02/2016 08:17,4,Rp7151000,lradnage30@canalblog.com,system engine Computers,"Jl. Schiller no. 851, Panshan ",71,PNA0364134541036,JNE REGULER
V0000148,25/9/2016,28/09/2016 01:18,3,Rp4776000,carchambault67@cam.ac.uk,Implemented Games,"Jl. Summer Ridge no. 997, Jajarkrajan ",14,JJK2826674741282,J&T EXPRESS
V0000149,11/7/2016,14/07/2016 16:13,3,Rp9485000,mcollyns46@1und1.de,circuit Automotive,"Jl. Quincy no. 184, Mubi ",71,MB29535286412953,POS PAKET KILAT
V0000150,10/12/2016,12/12/2016 00:23,2,Rp7585000,vgissing12@google.fr,Stand-alone Outdoors,"Jl. Badeau no. 331, Zhongwei ",93,ZOW0049231841004,PAHALA
V0000151,29/6/2016,03/07/2016 05:12,2,Rp1047000,ahaverson3v@columbia.edu,software Garden,"Jl. Lawn no. 176, Kushikino 899-2433",36,KSK9317717641931,JNE YES
V0000152,24/3/2016,27/03/2016 09:52,2,Rp324000,plorenz3r@fotki.com,software Garden,"Jl. Hovde no. 338, Ivanishchi 601521",63,IAS4513188541451,PAHALA
V0000153,27/12/2016,31/12/2016 16:54,4,Rp9251000,hjonathon1t@google.ca,Implemented Games,"Jl. 6th no. 711, Villa Cañás 2607",49,VL 4467582841446,WAHANA
V0000154,10/6/2016,12/06/2016 06:47,4,Rp7352000,jhaggerstone6n@cisco.com,tertiary Home,"Jl. Anthes no. 150, Balayan 4213",89,BLA0521455641052,TIKI REGULER
V0000155,11/9/2016,14/09/2016 05:56,2,Rp9202000,vcarlton4x@jimdo.com,analyzing Computers,"Jl. East no. 555, Maria Cristina 9201",15,MR 7733753741773,POS PAKET BIASA
V0000156,10/12/2016,12/12/2016 14:45,3,Rp3461000,mborlease2g@com.com,software Books,"Jl. Coleman no. 733, Bagacay 6216",60,BGA1311831841131,TIKI REGULER
V0000157,15/10/2016,18/10/2016 01:58,2,Rp6510000,mborlease2g@com.com,asymmetric Baby,"Jl. Bayside no. 149, Belfast 1301",74,BLS7176946741717,J&T EXPRESS
V0000158,3/4/2017,07/04/2017 12:27,2,Rp6771000,smeachen33@chronoengine.com,empowering Beauty,"Jl. South no. 203, Sukpak 667904",99,SKK3742221941374,LION PARCEL
V0000159,28/3/2017,31/03/2017 02:31,4,Rp3091000,umordacai5g@last.fm,analyzing Computers,"Jl. Scofield no. 418, Bīrganj ",79,BRN2828660941282,WAHANA
V0000160,27/8/2016,30/08/2016 16:16,3,Rp8776000,apacher3h@etsy.com,asynchronous Industrial,"Jl. Hermina no. 62, Sollebrunn 466 92",91,SLBO695413274169,J&T EXPRESS
V0000161,26/9/2016,29/09/2016 11:27,4,Rp1045000,reckh2k@123-reg.co.uk,Customer-focused Kids,"Jl. Eliot no. 923, Aguas Verdes ",57,AU 8229884741822,J&T EXPRESS
V0000162,7/1/2016,11/01/2016 11:02,4,Rp7713000,rdidball53@webs.com,Re-engineered Jewelery,"Jl. Lyons no. 912, Basseterre ",60,BST6654612541665,PAHALA
V0000163,5/10/2016,09/10/2016 07:45,2,Rp5536000,kstieger4p@imgur.com,Secured Baby,"Jl. Oak Valley no. 854, Almada 2800-011",75,AMA1521535657412,LION PARCEL
V0000164,4/10/2016,,1,Rp7606000,ldoram48@xrea.com,Implemented Games,"Jl. Lien no. 366, Sibaté 111971",98,SBé1112655741111,LION PARCEL
V0000165,9/3/2016,,1,Rp2277000,vcarlton4x@jimdo.com,Stand-alone Music,"Jl. Mendota no. 109, Romorantin-Lanthenay 41204 CEDEX",97,RMAA383082575418,PAHALA
V0000166,28/7/2016,01/08/2016 05:43,4,Rp9891000,ldoram48@xrea.com,mission-critical Electronics,"Jl. Mandrake no. 599, Schieren L-9184",68,SHR9064869641906,LION PARCEL
V0000167,30/11/2016,04/12/2016 08:04,4,Rp8899000,amcsparran6b@springer.com,Compatible Outdoors,"Jl. Mitchell no. 752, Cotmon 4500",91,CTN7703940841770,LION PARCEL
V0000168,29/3/2017,01/04/2017 11:59,3,Rp8863000,dcaulfield2q@dmoz.org,asynchronous Industrial,"Jl. Bunker Hill no. 115, Banakaja ",61,BNA7778870941777,POS PAKET KILAT
V0000169,15/1/2017,17/01/2017 00:13,2,Rp8931000,hborn8@sakura.ne.jp,analyzing Computers,"Jl. Dovetail no. 222, Vinkkilä 23201",44,VNI3029344841302,LION PARCEL
V0000170,12/4/2016,16/04/2016 18:10,2,Rp5498000,jjeffcoat5e@npr.org,grid-enabled Music,"Jl. Valley Edge no. 245, Huizhou ",68,HIO6164840641616,PAHALA
V0000171,19/1/2017,21/01/2017 12:08,2,Rp4328000,jjeffcoat5e@npr.org,Re-contextualized Automotive,"Jl. Everett no. 888, Yuetang ",78,YEN1967284841196,JNE YES
V0000172,15/11/2016,18/11/2016 00:05,4,Rp5888000,reckh2k@123-reg.co.uk,Face to face Electronics,"Jl. Drewry no. 29, Bedalewun ",83,BDE9238619741923,POS PAKET BIASA
V0000173,27/5/2016,,1,Rp6507000,gtofanon@ustream.tv,holistic Shoes,"Jl. Barby no. 52, Port Maria ",69,PRM4548234641454,POS PAKET BIASA
V0000174,10/7/2016,13/07/2016 08:17,3,Rp4730000,svezey6j@va.gov,functionalities Toys,"Jl. Tennessee no. 408, Houmen ",47,HUN9668318641966,TIKI REGULER
V0000175,21/12/2016,25/12/2016 19:10,2,Rp6524000,leason6p@wufoo.com,knowledge base Games,"Jl. Kim no. 400, Pankrushikha 658760",17,PNU0247432841024,JNE REGULER
V0000176,16/2/2016,19/02/2016 01:10,2,Rp8280000,ggamesonx@webs.com,algorithm Industrial,"Jl. Bashford no. 968, Vyazniki 601430",96,VAI3105855541310,JNE OKE
V0000177,8/5/2016,10/05/2016 17:06,3,Rp2213000,ffarncombe5h@theguardian.com,monitoring Books,"Jl. Sycamore no. 576, Yancheng ",93,YNE2127272641212,J&T EXPRESS
V0000178,1/9/2016,05/09/2016 17:34,4,Rp1793000,mborlease2g@com.com,analyzer Computers,"Jl. Melody no. 131, Herrera 5013",1,HRR8421572741842,POS PAKET BIASA
V0000179,6/1/2017,08/01/2017 06:22,2,Rp7227000,mvedikhov3i@linkedin.com,Compatible Outdoors,"Jl. Blue Bill Park no. 926, Yizhang Chengguanzhen ",36,YZN0773863841077,JNE REGULER
V0000180,29/10/2016,31/10/2016 03:12,3,Rp2791000,sgrigollig@weather.com,installation Computers,"Jl. Loeprich no. 140, Bella Vista ",40,BL 1770177741177,WAHANA
V0000181,30/1/2017,01/02/2017 12:23,4,Rp4345000,mkeays6h@posterous.com,empowering Beauty,"Jl. Pine View no. 71, Kontiolahti 81101",7,KNO3898775841389,LION PARCEL
V0000182,15/4/2017,,1,Rp1166000,mquittonden51@acquirethisname.com,holistic Shoes,"Jl. Pearson no. 622, Vidual 3220-350",11,VDL0677333229417,J&T EXPRESS
V0000183,5/9/2016,08/09/2016 15:41,4,Rp5631000,wfullylovep@aboutads.info,mission-critical Baby,"Jl. Dayton no. 644, Cepões 3505-157",76,CPS1859009037415,JNE YES
V0000184,30/6/2016,03/07/2016 13:08,3,Rp7206000,jsedgeman20@sourceforge.net,grid-enabled Music,"Jl. Kingsford no. 337, Hongshan ",7,HNH8312927641831,JNE YES
V0000185,19/3/2016,22/03/2016 04:33,4,Rp6468000,rhouldey3d@latimes.com,solution-oriented Baby,"Jl. Kensington no. 830, Gananoque K7G",36,GNOON49916385414,PAHALA
V0000186,8/3/2017,10/03/2017 23:30,2,Rp9560000,ahaverson3v@columbia.edu,Re-engineered Jewelery,"Jl. Duke no. 391, Jampang Tengah ",79,JMN7285109841728,JNE OKE
V0000187,23/12/2016,25/12/2016 08:27,2,Rp6669000,amilstead5i@umich.edu,Business-focused Jewelery,"Jl. 2nd no. 279, Amapala ",29,AAL6361842841636,PAHALA
V0000188,26/11/2016,28/11/2016 15:43,3,Rp3115000,lkobpac5u@nih.gov,Quality-focused Music,"Jl. Gina no. 526, Putina ",43,PTA3994710841399,JNE REGULER
V0000189,11/9/2016,14/09/2016 13:09,2,Rp6101000,mpowney2s@over-blog.com,Face to face Electronics,"Jl. Blaine no. 101, Wenshao ",21,WNA7539953741753,TIKI REGULER
V0000190,17/7/2016,20/07/2016 23:56,3,Rp9893000,rdidball53@webs.com,Stand-alone Music,"Jl. Clarendon no. 925, Champaign 61825",14,CAAIL68799786416,POS PAKET BIASA
V0000191,13/1/2016,15/01/2016 09:30,3,Rp425000,cabby4b@cyberchimps.com,groupware Books,"Jl. Prairie Rose no. 540, Klichaw ",19,KIA0347762541034,POS PAKET BIASA
V0000192,3/3/2016,05/03/2016 15:37,2,Rp4709000,bwollers2v@usnews.com,radical Movies,"Jl. Waywood no. 720, Icheon-si ",72,IHN0449107541044,PAHALA
V0000193,11/8/2016,15/08/2016 11:50,3,Rp3456000,ffarncombe5h@theguardian.com,instruction set Beauty,"Jl. Armistice no. 492, Castanhal 68740-000",53,CSN9526190741952,LION PARCEL
V0000194,28/8/2016,01/09/2016 04:46,3,Rp852000,ryedall62@arizona.edu,installation Computers,"Jl. Garrison no. 844, Alangalang 6517",82,AAA3859532741385,J&T EXPRESS
V0000195,20/10/2016,24/10/2016 07:40,2,Rp2498000,mtooley1s@storify.com,frame Beauty,"Jl. Brickson Park no. 189, Jardim 79240-000",47,JRM2429496741242,JNE YES
V0000196,31/3/2016,02/04/2016 06:02,3,Rp2502000,bbryant56@bbc.co.uk,Organic Electronics,"Jl. Gale no. 835, Peruíbe 11750-000",43,PRB8314049541831,TIKI REGULER
V0000197,26/3/2017,28/03/2017 09:45,2,Rp3903000,rmooney4j@theatlantic.com,reciprocal Health,"Jl. Hovde no. 107, Alta Gracia 5186",8,ATG3451250941345,J&T EXPRESS
V0000198,22/9/2016,26/09/2016 20:08,3,Rp8054000,rbuckland36@last.fm,functionalities Home,"Jl. Summerview no. 769, Ambulong 5615",56,ABO5884754741588,POS PAKET KILAT
V0000199,21/7/2016,23/07/2016 09:54,4,Rp1232000,sdufer57@yellowbook.com,approach Kids,"Jl. Memorial no. 229, Taihe ",16,TI08849096410884,J&T EXPRESS
V0000200,18/3/2017,21/03/2017 04:53,2,Rp944000,dbeagin5d@barnesandnoble.com,non-volatile Games,"Jl. Glendale no. 249, Calancuasan Norte 1807",57,CLC4282189841428,J&T EXPRESS
V0000201,4/9/2016,08/09/2016 06:09,2,Rp3455000,apacher3h@etsy.com,solution-oriented Electronics,"Jl. Dennis no. 304, Hongqi ",99,HNI5639692741563,J&T EXPRESS
V0000202,20/8/2016,,1,Rp6694000,lfalkner2i@cpanel.net,analyzing Computers,"Jl. Union no. 790, Sidamukti ",84,SDU2423761741242,PAHALA
V0000203,23/9/2016,27/09/2016 11:28,4,Rp2500000,bweaver4f@ebay.com,Future-proofed Toys,"Jl. Mockingbird no. 537, Leigongjian ",35,LIN1310364741131,WAHANA
V0000204,1/9/2016,,1,Rp6531000,csaladine6a@businesswire.com,installation Computers,"Jl. Bartelt no. 871, Quimperlé 29399 CEDEX",89,QIEA271755727417,PAHALA
V0000205,22/7/2016,25/07/2016 06:36,2,Rp3552000,hbeloe1z@freewebs.com,project Tools,"Jl. Transport no. 739, Thị Trấn Na Sầm ",57,TịR9639619641963,TIKI REGULER
V0000206,6/2/2017,,1,Rp5710000,smeachen33@chronoengine.com,project Computers,"Jl. Knutson no. 861, Coxim 79400-000",45,CX59026368415902,JNE YES
V0000207,13/3/2016,16/03/2016 00:12,3,Rp1922000,agrimestone5s@jimdo.com,reciprocal Health,"Jl. Fulton no. 835, Bābolsar ",5,BBS5497287541549,TIKI REGULER
V0000208,17/5/2016,21/05/2016 12:37,2,Rp5013000,csaladine6a@businesswire.com,Centralized Home,"Jl. Fordem no. 844, Itapecerica da Serra 06850-000",24,IAC4568843641456,POS PAKET BIASA
V0000209,30/4/2016,03/05/2016 23:13,3,Rp8856000,pshillington1m@usda.gov,monitoring Books,"Jl. Dapin no. 36, Xingxi ",21,XNI2208502641220,TIKI REGULER
V0000210,2/11/2016,04/11/2016 17:19,2,Rp2267000,zheaton29@va.gov,functionalities Toys,"Jl. Waywood no. 591, Santiago do Cacém 7540-104",39,SNA1579170187417,POS PAKET KILAT
V0000211,11/1/2016,13/01/2016 10:46,2,Rp1850000,cseamans2c@indiatimes.com,Decentralized Grocery,"Jl. Anthes no. 786, Pančevo ",7,PNV1919052541191,WAHANA
V0000212,4/11/2016,,1,Rp7662000,rhaselhurst41@netvibes.com,installation Computers,"Jl. Fisk no. 165, Ilhabela 11630-000",60,IHE9532428741953,TIKI REGULER
V0000213,1/1/2017,03/01/2017 18:43,2,Rp2030000,twormleightonk@dagondesign.com,Future-proofed Toys,"Jl. Mosinee no. 822, Fangfan ",6,FNA0026923841002,WAHANA
V0000214,28/3/2016,,1,Rp4306000,mhallagan3m@psu.edu,time-frame Health,"Jl. International no. 802, Longwan ",70,LNA0931319541093,JNE REGULER
V0000215,27/2/2017,01/03/2017 01:47,4,Rp2630000,bweaver4f@ebay.com,asynchronous Industrial,"Jl. Brentwood no. 535, Panimbang ",98,PNB9200618841920,WAHANA
V0000216,21/1/2017,24/01/2017 18:53,3,Rp8080000,mmcgarvey6d@yellowbook.com,groupware Books,"Jl. John Wall no. 557, São Cristóvão 49100-000",93,SOR0084205841008,POS PAKET BIASA
V0000217,7/1/2017,10/01/2017 03:50,4,Rp4160000,tjohnsson35@gizmodo.com,non-volatile Games,"Jl. Waywood no. 760, Yishi ",39,YS34016738413401,POS PAKET BIASA
V0000218,27/2/2016,01/03/2016 06:15,2,Rp958000,bmacmanus3e@arstechnica.com,Business-focused Jewelery,"Jl. Bultman no. 903, Wuyang ",2,WYG4273556541427,PAHALA
V0000219,31/7/2016,02/08/2016 23:47,4,Rp3756000,lkobpac5u@nih.gov,conglomeration Jewelery,"Jl. Montana no. 160, Yuanlin ",24,YAI0488000741048,JNE OKE
V0000220,26/1/2016,28/01/2016 17:25,3,Rp520000,glarmett22@reuters.com,alliance Toys,"Jl. Almo no. 924, Ciklapa ",46,CKP2219283541221,JNE REGULER
V0000221,17/4/2017,20/04/2017 21:56,4,Rp4113000,ryedall62@arizona.edu,circuit Automotive,"Jl. Gina no. 375, Louisville 40287",73,LUVKY37166429413,JNE YES
V0000222,28/1/2016,30/01/2016 04:37,3,Rp8299000,abinnes6o@pcworld.com,analyzer Computers,"Jl. Daystar no. 608, Glushkovo 307450",26,GUK6385593541638,JNE REGULER
V0000223,20/10/2016,,1,Rp7631000,bbisseker4m@g.co,mission-critical Electronics,"Jl. Merrick no. 484, Sakaiminato 690-1315",32,SKM2380996741238,POS PAKET KILAT
V0000224,25/7/2016,28/07/2016 21:13,4,Rp7673000,kmiddlemiss6e@umn.edu,Robust Garden,"Jl. Fair Oaks no. 89, Cikujang ",53,CKA4121849641412,WAHANA
V0000225,12/11/2016,16/11/2016 02:34,3,Rp1235000,mquittonden51@acquirethisname.com,Up-sized Movies,"Jl. Cottonwood no. 447, Llazicë ",91,LAC4408198741440,PAHALA
V0000226,2/12/2016,04/12/2016 13:28,2,Rp5451000,lcolicot4d@behance.net,Future-proofed Toys,"Jl. Hauk no. 43, Jince 262 23",45,JN23358608412335,JNE REGULER
V0000227,19/5/2016,23/05/2016 06:46,2,Rp8316000,lehrat55@spiegel.de,Implemented Grocery,"Jl. Crownhardt no. 134, Lunsar ",44,LNR2040463641204,JNE REGULER
V0000228,2/2/2016,04/02/2016 15:28,3,Rp7600000,mpietasch5y@nsw.gov.au,knowledge base Games,"Jl. Gulseth no. 533, Balete 5614",41,BLE5396244541539,WAHANA
V0000229,28/6/2016,01/07/2016 08:02,2,Rp3112000,rmooney4j@theatlantic.com,customer loyalty Movies,"Jl. Lawn no. 761, Nkongsamba ",63,NOS3490017641349,POS PAKET BIASA
V0000230,1/5/2016,05/05/2016 17:02,2,Rp7185000,wnotman6v@istockphoto.com,monitoring Books,"Jl. Quincy no. 94, Ýdra ",73,ÝR62122126416212,JNE REGULER
V0000231,10/12/2016,,1,Rp9298000,olindeboom6x@adobe.com,global Tools,"Jl. Portage no. 291, Tacurong 9800",54,TCO5541331841554,J&T EXPRESS
V0000232,8/12/2016,12/12/2016 16:23,2,Rp9601000,cleet1r@infoseek.co.jp,Ameliorated Movies,"Jl. Algoma no. 727, Kissidougou ",24,KSD3224121841322,POS PAKET KILAT
V0000233,29/3/2017,01/04/2017 06:28,3,Rp5262000,ffarncombe5h@theguardian.com,Compatible Outdoors,"Jl. Mariners Cove no. 20, Yuanmen ",80,YAE8398670941839,WAHANA
V0000234,24/4/2016,27/04/2016 09:27,4,Rp2208000,jradage2l@blogtalkradio.com,Advanced Baby,"Jl. Center no. 36, Kota Kinabalu 88906",28,KTKSBH6200941641,LION PARCEL
V0000235,13/2/2017,16/02/2017 16:20,2,Rp1015000,mcollyns46@1und1.de,algorithm Garden,"Jl. Sheridan no. 495, Santa Marta 470017",70,SN 0082007841008,POS PAKET BIASA
V0000236,9/7/2016,12/07/2016 20:14,4,Rp421000,bwollers2v@usnews.com,eco-centric Industrial,"Jl. Lukken no. 49, Akebielidou ",65,AEE2425908641242,POS PAKET KILAT
V0000237,9/6/2016,12/06/2016 12:13,2,Rp6395000,cshrimptone5f@gov.uk,Implemented Grocery,"Jl. Porter no. 347, Alīgūdarz ",90,AīD9044745641904,TIKI REGULER
V0000238,22/9/2016,26/09/2016 14:21,3,Rp7241000,dedgell3w@ebay.co.uk,complexity Tools,"Jl. Derek no. 718, Pļaviņas ",16,PAņ6804554741680,WAHANA
V0000239,16/4/2016,18/04/2016 13:27,3,Rp6609000,cmcwhin4g@gizmodo.com,Persevering Outdoors,"Jl. South no. 593, Vänersborg 462 42",41,VNSO362318064136,WAHANA
V0000240,25/9/2016,,1,Rp2005000,atitterrell0@pagesperso-orange.fr,groupware Books,"Jl. Derek no. 256, Gakem ",52,GK45957747414595,LION PARCEL
V0000241,28/9/2016,01/10/2016 04:33,2,Rp9026000,nrentoll4q@nytimes.com,solution-oriented Baby,"Jl. Colorado no. 568, El Pardo 6337",55,E R2817305741281,JNE REGULER
V0000242,27/8/2016,31/08/2016 00:28,3,Rp4890000,hcastanaga1j@fda.gov,Persevering Outdoors,"Jl. Banding no. 650, Jincun ",46,JNN8177522741817,LION PARCEL
V0000243,19/2/2016,23/02/2016 00:10,2,Rp6485000,nleither16@google.it,Customizable Shoes,"Jl. Bluejay no. 814, Loutrá ",27,LUá7060485541706,WAHANA
V0000244,14/9/2016,17/09/2016 03:41,3,Rp9954000,csaladine6a@businesswire.com,Diverse Movies,"Jl. Hansons no. 402, Dunhua ",91,DNA0844283741084,POS PAKET KILAT
V0000245,26/11/2016,,1,Rp8036000,atitterrell0@pagesperso-orange.fr,algorithm Music,"Jl. Fordem no. 170, Klang 41200",13,KASGR04662108410,JNE REGULER
V0000246,17/4/2017,20/04/2017 14:24,3,Rp9237000,agatrell49@slate.com,task-force Movies,"Jl. Sunnyside no. 730, Fangbu ",12,FNU4709342941470,TIKI REGULER
V0000247,22/4/2017,24/04/2017 03:51,4,Rp7640000,jguice6f@cyberchimps.com,system engine Computers,"Jl. Emmet no. 324, Myingyan ",54,MIY7013382941701,JNE REGULER
V0000248,16/11/2016,18/11/2016 14:54,3,Rp2092000,rmullin1q@google.co.uk,Implemented Games,"Jl. Pierstorff no. 477, Tyrawa Wołoska 38-535",94,TRA2808039741280,J&T EXPRESS
V0000249,14/3/2017,18/03/2017 22:50,2,Rp2526000,mdraysay5z@weibo.com,circuit Automotive,"Jl. Moose no. 167, Tsurugi-asahimachi 929-0203",70,TUG4181359841418,POS PAKET KILAT
V0000250,18/9/2016,20/09/2016 23:01,2,Rp5720000,rmooney4j@theatlantic.com,Stand-alone Outdoors,"Jl. Cascade no. 907, Hepingjie ",32,HPG5869324741586,PAHALA
V0000251,21/4/2017,,1,Rp6242000,stither4h@google.ru,software Garden,"Jl. 2nd no. 593, Laoqiao ",52,LOA6242472941624,JNE YES
V0000252,28/1/2017,30/01/2017 09:18,3,Rp9365000,cchastenet44@jiathis.com,software Garden,"Jl. Towne no. 291, Buseresere ",24,BSE5805955841580,PAHALA
V0000253,24/8/2016,,1,Rp6589000,mborlease2g@com.com,Implemented Games,"Jl. Evergreen no. 433, Langensari ",71,LNN9941102741994,WAHANA
V0000254,29/1/2017,02/02/2017 18:32,2,Rp6736000,bcradick3t@squidoo.com,tertiary Home,"Jl. Stang no. 333, Osiek 87-340",83,OI67741758416774,TIKI REGULER
V0000255,18/8/2016,22/08/2016 12:25,4,Rp6693000,fkynston4i@fda.gov,analyzing Computers,"Jl. Roth no. 158, Río Tercero 5850",79,ROE4113251741411,POS PAKET BIASA
V0000256,7/7/2016,10/07/2016 10:56,2,Rp5779000,rjodrelle1c@latimes.com,software Books,"Jl. Gerald no. 95, Luhyny ",59,LHY9998887641999,TIKI REGULER
V0000257,13/2/2016,17/02/2016 00:06,4,Rp3246000,mpietasch5y@nsw.gov.au,asymmetric Baby,"Jl. Cottonwood no. 117, Aioi 999-3222",16,AO99912355419991,J&T EXPRESS
V0000258,7/11/2016,10/11/2016 07:36,2,Rp9920000,pnursey4r@myspace.com,empowering Beauty,"Jl. Myrtle no. 740, Jiangyin ",62,JAY9714058741971,LION PARCEL
V0000259,8/3/2017,11/03/2017 00:33,4,Rp3056000,castlesa@paginegialle.it,analyzing Computers,"Jl. Marquette no. 559, Sugiharjo ",3,SGA8223398841822,WAHANA
V0000260,27/4/2016,29/04/2016 20:26,4,Rp5068000,eduddle34@redcross.org,asynchronous Industrial,"Jl. Center no. 245, Vänersborg 462 36",37,VNSO167887164116,J&T EXPRESS
V0000261,1/10/2016,04/10/2016 13:47,3,Rp7327000,gbonifazio3f@adobe.com,Customer-focused Kids,"Jl. Artisan no. 325, Vilarelho 4910-597",97,VLE1617692357411,J&T EXPRESS
V0000262,5/3/2016,09/03/2016 09:21,3,Rp8711000,glarmett22@reuters.com,Re-engineered Jewelery,"Jl. Bartillon no. 812, Tonggoh ",99,TNO2969617541296,PAHALA
V0000263,17/4/2017,21/04/2017 20:24,3,Rp4280000,olindeboom6x@adobe.com,Secured Baby,"Jl. Sullivan no. 790, Dadus 9608",90,DD88606429418860,LION PARCEL
V0000264,20/3/2017,23/03/2017 13:50,4,Rp1930000,boxtoby2f@zdnet.com,Implemented Games,"Jl. Northport no. 198, Léchovo ",49,LCV7587100941758,LION PARCEL
V0000265,20/8/2016,22/08/2016 13:32,3,Rp1256000,tjohnsson35@gizmodo.com,Stand-alone Music,"Jl. Pierstorff no. 236, Suwon-si ",18,SW-0799961741079,PAHALA
V0000266,12/2/2017,16/02/2017 11:35,3,Rp7692000,rpigott17@vimeo.com,mission-critical Electronics,"Jl. Golden Leaf no. 554, Hongtang ",10,HNA3239986841323,LION PARCEL
V0000267,17/11/2016,19/11/2016 22:45,2,Rp9130000,gkristoffersen63@businesswire.com,Compatible Outdoors,"Jl. Onsgard no. 665, Colombes 92709 CEDEX",75,CLBA870722497417,LION PARCEL
V0000268,14/4/2017,,1,Rp6406000,pshillington1m@usda.gov,asynchronous Industrial,"Jl. Prentice no. 635, Chefchaouene ",86,CEH4696412941469,POS PAKET KILAT
V0000269,18/12/2016,20/12/2016 17:09,3,Rp8497000,lgreenig18@loc.gov,analyzing Computers,"Jl. Alpine no. 600, Helsingborg 253 00",60,HLNM149080284114,LION PARCEL
V0000270,9/7/2016,11/07/2016 19:33,4,Rp5150000,sbwy1x@xing.com,grid-enabled Music,"Jl. Goodland no. 711, Higashine 999-3776",46,HGH3382908641338,PAHALA
V0000271,16/6/2016,20/06/2016 23:25,2,Rp2302000,wnotman6v@istockphoto.com,Re-contextualized Automotive,"Jl. Green Ridge no. 601, Mandeman Daya ",64,MNM9259116641925,JNE YES
V0000272,19/3/2017,22/03/2017 04:38,4,Rp2691000,hborn8@sakura.ne.jp,Face to face Electronics,"Jl. Prairieview no. 499, Gongyi ",5,GNI6238989841623,POS PAKET BIASA
V0000273,20/2/2017,23/02/2017 01:26,2,Rp5868000,gjanning3@opensource.org,holistic Shoes,"Jl. Amoth no. 725, Casais de Revelhos 2200-463",30,CSS1409935578410,POS PAKET BIASA
V0000274,9/4/2017,11/04/2017 11:17,2,Rp8257000,cshrimptone5f@gov.uk,functionalities Toys,"Jl. Bashford no. 991, Västra Frölunda 426 77",65,VSAO926637194192,TIKI REGULER
V0000275,24/11/2016,26/11/2016 19:22,3,Rp4275000,lcolicot4d@behance.net,knowledge base Games,"Jl. Erie no. 283, Barg-e Matāl ",83,BRE6335100841633,JNE REGULER
V0000276,30/4/2016,03/05/2016 06:33,3,Rp69000,reckh2k@123-reg.co.uk,algorithm Industrial,"Jl. Mendota no. 500, Isfahan ",10,IFA1308991641130,JNE OKE
V0000277,18/1/2017,,1,Rp5257000,nverlinde5l@globo.com,monitoring Books,"Jl. Sutteridge no. 815, Novikovo 659518",73,NVO3082874841308,J&T EXPRESS
V0000278,22/3/2016,25/03/2016 07:33,3,Rp8170000,gwhitsun5m@china.com.cn,analyzer Computers,"Jl. Haas no. 106, Riah ",87,RA81023685418102,POS PAKET BIASA
V0000279,27/6/2016,29/06/2016 22:13,2,Rp4205000,adwelly3u@pen.io,Compatible Outdoors,"Jl. Chive no. 938, Wangping ",43,WNI2265607641226,JNE REGULER
V0000280,11/9/2016,14/09/2016 23:19,4,Rp431000,astandell6g@washington.edu,installation Computers,"Jl. Dahle no. 874, Kalpáki ",78,KLK9995363741999,WAHANA
V0000281,21/1/2016,24/01/2016 00:02,4,Rp7681000,bcradick3t@squidoo.com,empowering Beauty,"Jl. Logan no. 901, Kisesa ",80,KSA6554333541655,LION PARCEL
V0000282,7/9/2016,,1,Rp3522000,jwillard5r@51.la,holistic Shoes,"Jl. Menomonie no. 521, Sihai ",71,SH82880237418288,J&T EXPRESS
V0000283,9/4/2017,13/04/2017 03:16,3,Rp8036000,bambersonv@wp.com,mission-critical Baby,"Jl. Talmadge no. 909, Kabala ",49,KBA1977071941197,JNE YES
V0000284,25/4/2016,29/04/2016 14:09,3,Rp1276000,mgarric5@amazon.de,grid-enabled Music,"Jl. Harbort no. 392, Lalukoen Dua ",53,LLO8833951641883,JNE YES
V0000285,26/12/2016,,1,Rp9573000,jalenshev3l@sciencedaily.com,solution-oriented Baby,"Jl. Sheridan no. 447, Wulijie ",42,WLI2762972841276,PAHALA
V0000286,15/8/2016,18/08/2016 05:20,4,Rp1865000,pgrollmann1k@posterous.com,Re-engineered Jewelery,"Jl. Londonderry no. 441, Firmat 2630",8,FRT0548321741054,JNE OKE
V0000287,27/1/2017,29/01/2017 03:36,4,Rp1135000,lehrat55@spiegel.de,Business-focused Jewelery,"Jl. Talisman no. 174, Marapanim 68760-000",4,MRA5128845841512,PAHALA
V0000288,30/5/2016,01/06/2016 09:50,2,Rp1482000,amardling6@typepad.com,Quality-focused Music,"Jl. Summer Ridge no. 70, Pedro Juan Caballero ",86,PD 3281064641328,JNE REGULER
V0000289,5/3/2016,08/03/2016 18:33,3,Rp7470000,klind1n@diigo.com,Face to face Electronics,"Jl. Bay no. 283, Bahui ",60,BH88720275418872,TIKI REGULER
V0000290,12/3/2016,15/03/2016 00:18,3,Rp688000,ccheale1p@bbc.co.uk,Stand-alone Music,"Jl. Heath no. 674, Palca ",49,PL10914775411091,POS PAKET BIASA
V0000291,31/10/2016,02/11/2016 04:36,4,Rp2086000,istreeton2u@yellowbook.com,groupware Books,"Jl. Artisan no. 110, Tajumulco 12009",6,TJU1068887741106,POS PAKET BIASA
V0000292,30/7/2016,01/08/2016 04:47,4,Rp3113000,gwhitsun5m@china.com.cn,radical Movies,"Jl. Northview no. 993, Būrabay ",94,BRA0704589641070,PAHALA
V0000293,15/1/2017,18/01/2017 00:03,3,Rp8786000,uguiducci43@istockphoto.com,instruction set Beauty,"Jl. Elmside no. 737, Demerval Lobão 64390-000",2,DMV0958344841095,LION PARCEL
V0000294,29/4/2016,,1,Rp7176000,mrobert1i@pcworld.com,installation Computers,"Jl. Di Loreto no. 330, Kendayakan ",80,KNY0720291641072,J&T EXPRESS
V0000295,2/6/2016,04/06/2016 01:45,2,Rp5610000,svezey6j@va.gov,frame Beauty,"Jl. Haas no. 910, Stepanovićevo ",67,SEN1391384641139,JNE YES
V0000296,17/7/2016,19/07/2016 16:45,2,Rp4399000,hstapleton38@geocities.com,Organic Electronics,"Jl. Portage no. 200, Nanjie ",43,NNE0093778641009,TIKI REGULER
V0000297,21/10/2016,24/10/2016 02:11,4,Rp5929000,fexrollz@squarespace.com,reciprocal Health,"Jl. Birchwood no. 455, Eqlīd ",62,EL49851077414985,J&T EXPRESS
V0000298,19/8/2016,22/08/2016 22:19,2,Rp5096000,apacher3h@etsy.com,functionalities Home,"Jl. Mitchell no. 602, Kungshamn 456 91",25,KNHO141546174114,POS PAKET KILAT
V0000299,28/2/2017,,1,Rp4688000,ccheale1p@bbc.co.uk,approach Kids,"Jl. Ramsey no. 141, Oravais 38130",63,OAI1716828841171,J&T EXPRESS
V0000300,3/2/2016,05/02/2016 19:53,4,Rp9341000,gtaggett5t@over-blog.com,non-volatile Games,"Jl. Westridge no. 790, Göteborg 403 13",14,GTOO091925454109,J&T EXPRESS
V0000301,3/10/2016,,1,Rp6128000,bgenders52@noaa.gov,solution-oriented Electronics,"Jl. Darwin no. 266, Bécancour G9H",78,BCCQC11727457411,J&T EXPRESS
V0000302,5/7/2016,07/07/2016 16:15,4,Rp2926000,msteggals6q@ox.ac.uk,analyzing Computers,"Jl. Banding no. 57, Nguékhokh ",91,NUH8535377641853,PAHALA
V0000303,18/6/2016,21/06/2016 04:12,4,Rp7584000,vcarlton4x@jimdo.com,Future-proofed Toys,"Jl. Lindbergh no. 565, Tha Wang Pha 55140",46,TAA9313226641931,WAHANA
V0000304,2/8/2016,04/08/2016 09:27,3,Rp4341000,wzanini2t@yahoo.co.jp,installation Computers,"Jl. Bellgrove no. 275, Malikisi ",32,MLI4600310741460,PAHALA
V0000305,16/1/2017,18/01/2017 12:17,4,Rp6320000,bgenders52@noaa.gov,project Tools,"Jl. Muir no. 361, Lafayette 70505",87,LFELA35096548413,TIKI REGULER
V0000306,26/10/2016,30/10/2016 12:27,4,Rp5575000,zbaybutt6w@cafepress.com,project Computers,"Jl. Red Cloud no. 543, Chacapalpa ",18,CAP4484847741448,JNE YES
V0000307,3/12/2016,06/12/2016 19:22,3,Rp3180000,rjodrelle1c@latimes.com,reciprocal Health,"Jl. Sherman no. 538, Kashihara-shi 639-2244",2,KSH6692970841669,TIKI REGULER
V0000308,4/3/2017,08/03/2017 21:32,3,Rp4481000,kchastelain6l@ucsd.edu,Centralized Home,"Jl. Bonner no. 937, Matiompong 1103",41,MTM9313668841931,POS PAKET BIASA
V0000309,28/12/2016,,1,Rp9108000,wzanini2t@yahoo.co.jp,monitoring Books,"Jl. Packers no. 923, Caronoan West 5420",31,CRO3085092841308,TIKI REGULER
V0000310,20/5/2016,22/05/2016 20:54,2,Rp7589000,paskem3o@yale.edu,functionalities Toys,"Jl. Chive no. 844, Stockholm 117 68",4,SOHAB85677736418,POS PAKET KILAT
V0000311,24/12/2016,27/12/2016 18:10,2,Rp6267000,jsedgeman20@sourceforge.net,Decentralized Grocery,"Jl. Thompson no. 351, Huangkeng ",82,HAK6503062841650,WAHANA
V0000312,11/3/2016,,1,Rp6529000,msteggals6q@ox.ac.uk,installation Computers,"Jl. Rowland no. 44, Tianmen ",41,TAE1605567541160,TIKI REGULER
V0000313,20/12/2016,22/12/2016 10:06,2,Rp3655000,fkynston4i@fda.gov,Future-proofed Toys,"Jl. Oxford no. 184, Gonghe ",59,GNE7048222841704,WAHANA
V0000314,9/7/2016,12/07/2016 08:21,3,Rp3137000,bcradick3t@squidoo.com,time-frame Health,"Jl. Talmadge no. 585, Louisville 40287",20,LUVKY81525086418,JNE REGULER
V0000315,22/2/2016,,1,Rp8229000,jwheelwright6u@i2i.jp,asynchronous Industrial,"Jl. Sutteridge no. 795, Nizhnyaya Maktama 423440",27,NZY9747516541974,WAHANA
V0000316,10/2/2017,13/02/2017 06:35,2,Rp4911000,ktilbey2m@freewebs.com,groupware Books,"Jl. Lillian no. 128, Puolanka 89201",7,PON9258076841925,POS PAKET BIASA
V0000317,16/9/2016,,1,Rp8494000,sde3b@trellian.com,non-volatile Games,"Jl. Del Mar no. 903, Podivín 691 45",44,PDí1695004741169,POS PAKET BIASA
V0000318,30/3/2016,03/04/2016 02:47,2,Rp7976000,mmcgarvey6d@yellowbook.com,Business-focused Jewelery,"Jl. Namekagon no. 984, Kalininaul 368157",26,KLI6206039541620,PAHALA
V0000319,10/8/2016,,1,Rp7024000,cchastenet44@jiathis.com,conglomeration Jewelery,"Jl. Cascade no. 701, Ágio Pnévma ",70,ÁIP5910380741591,JNE OKE
V0000320,6/2/2016,09/02/2016 00:06,4,Rp4103000,rdidball53@webs.com,alliance Toys,"Jl. Elmside no. 860, Oslo 0403",86,OL03271717454127,JNE REGULER
V0000321,8/7/2016,,1,Rp353000,amcsparran6b@springer.com,circuit Automotive,"Jl. 3rd no. 176, Namyangju ",9,NMN3280797641328,JNE YES
V0000322,20/12/2016,,1,Rp970000,sdufer57@yellowbook.com,analyzer Computers,"Jl. Nancy no. 730, Kuala Baru ",18,KA 9065622841906,JNE REGULER
V0000323,26/2/2017,,1,Rp5201000,mrobert1i@pcworld.com,mission-critical Electronics,"Jl. Holmberg no. 662, Rawasan ",26,RWA5837908841583,POS PAKET KILAT
V0000324,30/12/2016,03/01/2017 23:34,2,Rp9262000,lfalkner2i@cpanel.net,Robust Garden,"Jl. Golden Leaf no. 982, Sabanalarga 855058",38,SBA1880413841188,WAHANA
V0000325,7/9/2016,10/09/2016 02:17,2,Rp3364000,fdarrington6i@unblog.fr,Up-sized Movies,"Jl. Thompson no. 388, Za‘tarah ",32,Z‘R1264123741126,PAHALA
V0000326,23/4/2016,26/04/2016 15:54,2,Rp3100000,uguiducci43@istockphoto.com,Future-proofed Toys,"Jl. Main no. 30, Novaya Mayna 433568",48,NVA3786241641378,JNE REGULER
V0000327,21/4/2017,,1,Rp9040000,csiegertsz2j@columbia.edu,Implemented Grocery,"Jl. Anzinger no. 8, Gardēz ",9,GRZ8308472941830,JNE REGULER
V0000328,4/4/2016,07/04/2016 22:05,4,Rp302000,umordacai5g@last.fm,knowledge base Games,"Jl. Arizona no. 174, Nova Odesa ",5,NVO4257089541425,WAHANA
V0000329,6/1/2016,08/01/2016 16:23,2,Rp1382000,istoate5w@wix.com,customer loyalty Movies,"Jl. Marcy no. 957, Tarkwa ",13,TRA5147902541514,POS PAKET BIASA
V0000330,17/2/2016,20/02/2016 07:40,2,Rp9015000,twormleightonk@dagondesign.com,monitoring Books,"Jl. Katie no. 194, Nazrēt ",97,NZT9284965541928,JNE REGULER
V0000331,3/10/2016,,1,Rp2405000,ebridgwoodb@fotki.com,global Tools,"Jl. Clarendon no. 84, Marmande 47211 CEDEX",42,MRN9700882557410,J&T EXPRESS
V0000332,3/7/2016,,1,Rp5865000,vhabbeshawh@ifeng.com,Ameliorated Movies,"Jl. Havey no. 433, Devesa 4755-192",1,DVA0350614576415,POS PAKET KILAT
V0000333,23/11/2016,26/11/2016 03:20,4,Rp7389000,lfendleyc@amazon.co.uk,Compatible Outdoors,"Jl. Thackeray no. 872, Luklukan 4606",55,LKK1521789741152,WAHANA
V0000334,20/11/2016,,1,Rp4684000,bgenders52@noaa.gov,Advanced Baby,"Jl. Anthes no. 136, San Agustin 8305",73,SNG9186269741918,LION PARCEL
V0000335,28/1/2017,31/01/2017 12:22,3,Rp2986000,kantoniat5b@hc360.com,algorithm Garden,"Jl. Mallory no. 707, Colca ",85,CL22160658412216,POS PAKET BIASA
V0000336,17/7/2016,20/07/2016 06:30,4,Rp9077000,adwelly3u@pen.io,eco-centric Industrial,"Jl. Continental no. 460, Vrtojba 5291",64,VTB6007378641600,POS PAKET KILAT
V0000337,18/9/2016,21/09/2016 02:24,3,Rp6586000,dhurne4@nydailynews.com,Implemented Grocery,"Jl. Namekagon no. 106, Bayonne 64109 CEDEX",33,BYN9749456147414,TIKI REGULER
V0000338,21/3/2016,25/03/2016 08:59,4,Rp6431000,atrowler5j@apple.com,complexity Tools,"Jl. Sherman no. 257, Paloh ",37,PL38705585413870,WAHANA
V0000339,3/7/2016,07/07/2016 08:31,2,Rp1328000,fmasic1h@prweb.com,Persevering Outdoors,"Jl. Chive no. 179, Magsaysay 9221",70,MGY5174357641517,WAHANA
V0000340,9/10/2016,11/10/2016 22:46,2,Rp3200000,mmcfadden5x@live.com,groupware Books,"Jl. Lotheville no. 906, Ketanggi ",73,KTG2613506741261,LION PARCEL
V0000341,6/1/2017,08/01/2017 06:53,4,Rp281000,hlinklet1a@answers.com,solution-oriented Baby,"Jl. Doe Crossing no. 257, Kamiichi 872-0511",81,KMC5955863841595,JNE REGULER
V0000342,7/4/2016,09/04/2016 20:21,4,Rp4197000,cchastenet44@jiathis.com,Persevering Outdoors,"Jl. Ridgeway no. 513, Skhirat ",39,SHA3940600641394,LION PARCEL
V0000343,6/4/2016,10/04/2016 23:24,3,Rp1786000,agatrell49@slate.com,Customizable Shoes,"Jl. Veith no. 417, Fukura 999-8521",49,FKA4705899541470,WAHANA
V0000344,22/4/2016,24/04/2016 07:11,3,Rp7131000,carchambault67@cam.ac.uk,Diverse Movies,"Jl. Springview no. 178, Tatarbunary ",63,TTB1809031641180,POS PAKET KILAT
V0000345,19/12/2016,22/12/2016 11:28,4,Rp4779000,mgarric5@amazon.de,algorithm Music,"Jl. Kipling no. 979, Évry 91009 CEDEX",30,ÉRA8209641284120,JNE REGULER
V0000346,12/10/2016,14/10/2016 13:14,2,Rp2868000,sphidgin3y@newyorker.com,task-force Movies,"Jl. Carey no. 170, Alilem 2716",87,AIM7408726741740,TIKI REGULER
V0000347,10/1/2016,,1,Rp1445000,vhabbeshawh@ifeng.com,system engine Computers,"Jl. Waxwing no. 181, Arţās ",37,Aţ94550425419455,JNE REGULER
V0000348,13/1/2017,15/01/2017 13:44,3,Rp9538000,djentle13@live.com,Implemented Games,"Jl. Division no. 266, Теарце 1225",26,Тае1705134841170,J&T EXPRESS
V0000349,29/10/2016,01/11/2016 22:43,4,Rp199000,jdinesen2y@vimeo.com,circuit Automotive,"Jl. Judy no. 146, Józefosław 05-509",36,JZO3201877741320,POS PAKET KILAT
V0000350,15/5/2016,18/05/2016 04:03,4,Rp7611000,dedgell3w@ebay.co.uk,Stand-alone Outdoors,"Jl. Express no. 509, Colos 7630-305",41,CL02999482364199,PAHALA
V0000351,8/11/2016,10/11/2016 11:14,2,Rp8052000,apacher3h@etsy.com,software Garden,"Jl. Mifflin no. 23, Fernandópolis 15600-000",99,FRN6863068741686,JNE YES
V0000352,25/10/2016,29/10/2016 19:20,4,Rp6938000,scoppo50@facebook.com,software Garden,"Jl. High Crossing no. 548, Wolometang ",73,WLE6123247741612,PAHALA
V0000353,28/7/2016,31/07/2016 10:09,2,Rp805000,carchambault67@cam.ac.uk,Implemented Games,"Jl. Arizona no. 271, Nggelok ",34,NGO0650079641065,WAHANA
V0000354,6/12/2016,08/12/2016 12:21,2,Rp2601000,hborn8@sakura.ne.jp,tertiary Home,"Jl. Sage no. 810, Vrsi 23235",29,VS80962018418096,TIKI REGULER
V0000355,25/9/2016,29/09/2016 13:16,3,Rp9951000,gmorgans14@nba.com,analyzing Computers,"Jl. Jackson no. 100, Lunenburg M9L",27,LNBNS79390847417,POS PAKET BIASA
V0000356,2/6/2016,,1,Rp7920000,amilstead5i@umich.edu,software Books,"Jl. Derek no. 993, Tongyuanpu ",77,TNU0291884641029,TIKI REGULER
V0000357,19/10/2016,21/10/2016 23:04,2,Rp9670000,cbakhrushint@reddit.com,asymmetric Baby,"Jl. Vera no. 525, Chatan 904-0116",55,CAN5928196741592,J&T EXPRESS
V0000358,14/6/2016,16/06/2016 13:15,2,Rp3134000,egiles42@sitemeter.com,empowering Beauty,"Jl. Shoshone no. 996, Qutun ",82,QT61101956416110,LION PARCEL
V0000359,14/7/2016,16/07/2016 08:56,3,Rp8938000,gkristoffersen63@businesswire.com,analyzing Computers,"Jl. 2nd no. 836, Pokrovka 182160",6,PKV7166848641716,WAHANA
V0000360,10/8/2016,12/08/2016 23:36,2,Rp4208000,pbroadbear2a@indiatimes.com,asynchronous Industrial,"Jl. Iowa no. 231, Kuznetsovs’k ",92,KZT5912780741591,J&T EXPRESS
V0000361,29/8/2016,02/09/2016 07:04,4,Rp7458000,fsothern6c@dailymail.co.uk,Customer-focused Kids,"Jl. Center no. 115, Brylivka ",45,BYV0824542741082,J&T EXPRESS
V0000362,7/10/2016,09/10/2016 14:54,4,Rp4718000,djentle13@live.com,Re-engineered Jewelery,"Jl. Shasta no. 283, Baiyang ",67,BIN2502585741250,PAHALA
V0000363,26/3/2016,30/03/2016 20:36,2,Rp4903000,umordacai5g@last.fm,Secured Baby,"Jl. Pierstorff no. 585, Ansermanuevo 762018",6,ASM6854209541685,LION PARCEL
V0000364,7/3/2017,10/03/2017 19:03,4,Rp3279000,djentle13@live.com,Implemented Games,"Jl. Park Meadow no. 577, Enjiang ",5,EJN2143198841214,LION PARCEL
V0000365,5/5/2016,07/05/2016 10:51,2,Rp5354000,vmolyneaux10@google.com.au,Stand-alone Music,"Jl. 2nd no. 170, Srunikrajan ",3,SUK1055442641105,PAHALA
V0000366,28/4/2016,01/05/2016 19:08,4,Rp3149000,boxtoby2f@zdnet.com,mission-critical Electronics,"Jl. Mendota no. 691, Kuteynykove ",61,KTN6050781641605,LION PARCEL
V0000367,6/2/2016,09/02/2016 12:41,2,Rp961000,mdraysay5z@weibo.com,Compatible Outdoors,"Jl. Bellgrove no. 151, Uluale ",90,UUE4152674541415,LION PARCEL
V0000368,25/8/2016,27/08/2016 03:43,3,Rp3008000,pmccague6r@a8.net,asynchronous Industrial,"Jl. Pleasure no. 817, Akita Shi 501-1235",46,AI 7366902741736,POS PAKET KILAT
V0000369,31/7/2016,04/08/2016 00:28,4,Rp2656000,vmolyneaux10@google.com.au,analyzing Computers,"Jl. Anniversary no. 728, Ulyanovsk 432980",16,UYO5394299641539,LION PARCEL
V0000370,5/3/2017,09/03/2017 20:07,2,Rp8450000,fboheao@baidu.com,grid-enabled Music,"Jl. Kinsman no. 770, Detroit 48258",94,DTIMI17444788411,PAHALA
V0000371,24/1/2017,,1,Rp9949000,rhaselhurst41@netvibes.com,Re-contextualized Automotive,"Jl. Mcbride no. 927, Bagacay 7032",44,BGA4586225841458,JNE YES
V0000372,1/5/2016,05/05/2016 22:35,2,Rp5002000,hgisborne28@slashdot.org,Face to face Electronics,"Jl. Warrior no. 406, Dabancheng ",85,DBC7012412641701,POS PAKET BIASA
V0000373,18/1/2016,21/01/2016 00:17,2,Rp9261000,stither4h@google.ru,holistic Shoes,"Jl. Erie no. 193, Armenia 5401",53,AMI2526703541252,POS PAKET BIASA
V0000374,7/6/2016,10/06/2016 17:22,4,Rp7448000,hjonathon1t@google.ca,functionalities Toys,"Jl. Parkside no. 820, Losari ",86,LSI9210235641921,TIKI REGULER
V0000375,12/7/2016,14/07/2016 15:19,3,Rp2095000,agatrell49@slate.com,knowledge base Games,"Jl. Bartillon no. 524, Sakharovo 613840",61,SKR2876338641287,JNE REGULER
V0000376,27/3/2016,30/03/2016 20:48,4,Rp3661000,jwillard5r@51.la,algorithm Industrial,"Jl. Red Cloud no. 777, Mayo Belwa ",11,MYB1861119541186,JNE OKE
V0000377,18/11/2016,21/11/2016 18:11,2,Rp9309000,jradage2l@blogtalkradio.com,monitoring Books,"Jl. Montana no. 928, Apurawan 8717",21,AUW0862949741086,J&T EXPRESS
V0000378,19/8/2016,22/08/2016 22:25,2,Rp1694000,minksteri@aol.com,analyzer Computers,"Jl. Northfield no. 49, Potok Złoty 02-913",100,PT 0255461741025,POS PAKET BIASA
V0000379,16/12/2016,,1,Rp3251000,hlodford3j@slate.com,Compatible Outdoors,"Jl. Basil no. 661, Sepekov 398 51",37,SPO0598291841059,JNE REGULER
V0000380,28/10/2016,01/11/2016 02:12,2,Rp2181000,ldoram48@xrea.com,installation Computers,"Jl. Warner no. 886, Sijiu ",81,SJ55702677415570,WAHANA
V0000381,3/3/2017,07/03/2017 19:04,4,Rp8899000,bbryant56@bbc.co.uk,empowering Beauty,"Jl. Mosinee no. 958, Buriti Bravo 65685-000",76,BRI6487658841648,LION PARCEL
V0000382,25/3/2017,27/03/2017 10:16,2,Rp992000,gkristoffersen63@businesswire.com,holistic Shoes,"Jl. Warbler no. 31, Mekkaw ",85,MKW8107340941810,J&T EXPRESS
V0000383,15/11/2016,17/11/2016 15:31,3,Rp8817000,drojel5k@merriam-webster.com,mission-critical Baby,"Jl. Lake View no. 812, Lochovice 267 23",30,LCV1783229741178,JNE YES
V0000384,22/4/2016,,1,Rp4736000,oernshaw9@ycombinator.com,grid-enabled Music,"Jl. Raven no. 801, Saint John E2L",82,SI NB94432316419,JNE YES
V0000385,19/4/2016,22/04/2016 18:37,2,Rp7956000,sklimentov4k@creativecommons.org,solution-oriented Baby,"Jl. Merchant no. 233, Narva ",15,NR55019016415501,PAHALA
V0000386,13/7/2016,17/07/2016 22:54,2,Rp468000,mdraysay5z@weibo.com,Re-engineered Jewelery,"Jl. Forster no. 162, Oenam ",88,ON04405486410440,JNE OKE
V0000387,12/2/2016,14/02/2016 00:06,2,Rp5923000,pgrollmann1k@posterous.com,Business-focused Jewelery,"Jl. Kinsman no. 9, Qitan ",97,QT37553255413755,PAHALA
V0000388,28/2/2016,01/03/2016 04:44,4,Rp6327000,dbasire4n@nasa.gov,Quality-focused Music,"Jl. Warbler no. 228, Lavia 38601",80,LV96643665419664,JNE REGULER
V0000389,23/10/2016,27/10/2016 07:46,3,Rp2902000,gcopes1@earthlink.net,Face to face Electronics,"Jl. Hoffman no. 878, Charxin ",31,CAI1678027741167,TIKI REGULER
V0000390,23/11/2016,27/11/2016 06:56,3,Rp869000,nleither16@google.it,Stand-alone Music,"Jl. Linden no. 510, Al Mazra‘ah ash Sharqīyah ",77,A Z2614889741261,POS PAKET BIASA
V0000391,19/9/2016,21/09/2016 10:51,3,Rp3350000,cbrumen4a@skype.com,groupware Books,"Jl. Corscot no. 337, Shuixi ",7,SUI0822824741082,POS PAKET BIASA
V0000392,29/3/2016,31/03/2016 13:10,2,Rp6909000,dhurne4@nydailynews.com,radical Movies,"Jl. Manufacturers no. 36, Washington 20210",62,WSNDC24075295412,PAHALA
V0000393,9/6/2016,12/06/2016 09:29,4,Rp3958000,agrimestone5s@jimdo.com,instruction set Beauty,"Jl. Menomonie no. 945, Cagdianao 8411",28,CGA3754645641375,LION PARCEL
V0000394,2/3/2016,,1,Rp8740000,dedgell3w@ebay.co.uk,installation Computers,"Jl. West no. 414, Ulan Hua ",46,UAH7819986541781,J&T EXPRESS
V0000395,6/4/2016,09/04/2016 15:02,2,Rp5058000,jwillard5r@51.la,frame Beauty,"Jl. Northfield no. 820, Zastron 9951",50,ZSO4494599541449,JNE YES
V0000396,20/9/2016,22/09/2016 00:39,3,Rp7885000,paskem3o@yale.edu,Organic Electronics,"Jl. Moose no. 785, Oslo 0789",69,OL03489133474148,TIKI REGULER
V0000397,12/4/2016,,1,Rp4865000,gtaggett5t@over-blog.com,reciprocal Health,"Jl. Muir no. 737, San Lorenzo 2200",53,SNO3606940641360,J&T EXPRESS
V0000398,3/2/2016,07/02/2016 07:54,3,Rp4388000,ntrevorr@fc2.com,functionalities Home,"Jl. Mccormick no. 678, Lagdo ",48,LG49068445414906,POS PAKET KILAT
V0000399,6/3/2016,10/03/2016 06:49,4,Rp4680000,kjuorio31@t.co,approach Kids,"Jl. Sommers no. 618, Kabukarudi ",4,KBA4796427541479,J&T EXPRESS
V0000400,4/9/2016,06/09/2016 02:19,2,Rp1491000,ebewfield1e@icio.us,non-volatile Games,"Jl. Esker no. 531, Jiangluo ",45,JAL1655592741165,J&T EXPRESS
V0000401,15/8/2016,,1,Rp6679000,fportinari2r@cdc.gov,solution-oriented Electronics,"Jl. Moland no. 339, Álimos ",56,ÁIS6813921741681,J&T EXPRESS
V0000402,10/11/2016,13/11/2016 00:01,3,Rp8912000,kchastelain6l@ucsd.edu,analyzing Computers,"Jl. Miller no. 977, Al Balyanā ",45,A L0116378741011,PAHALA
V0000403,4/1/2016,07/01/2016 16:45,3,Rp4080000,pworsfold3n@chron.com,Future-proofed Toys,"Jl. Ryan no. 690, Klyuchevsk 623725",26,KYH3095291541309,WAHANA
V0000404,17/9/2016,20/09/2016 02:46,3,Rp6623000,leason6p@wufoo.com,installation Computers,"Jl. Dryden no. 341, Melíssia ",53,MLS7730804741773,PAHALA
V0000405,20/1/2017,22/01/2017 15:13,2,Rp3424000,egiles42@sitemeter.com,project Tools,"Jl. Goodland no. 789, Jepara ",67,JPA9125294841912,TIKI REGULER
V0000406,14/7/2016,,1,Rp5703000,lgreenig18@loc.gov,project Computers,"Jl. Alpine no. 408, Bum Bum ",51,BMU9956158641995,JNE YES
V0000407,26/1/2017,29/01/2017 04:55,4,Rp6202000,rdidball53@webs.com,reciprocal Health,"Jl. Melby no. 262, Fuxi ",56,FX20560458412056,TIKI REGULER
V0000408,8/6/2016,,1,Rp5504000,claraway1l@parallels.com,Centralized Home,"Jl. Reinke no. 95, Lipovci 9241",62,LPC3704835641370,POS PAKET BIASA
V0000409,5/3/2017,09/03/2017 19:30,4,Rp2251000,klind1n@diigo.com,monitoring Books,"Jl. Acker no. 751, Amadora 2610-006",14,AAR1181224788418,TIKI REGULER
V0000410,28/9/2016,,1,Rp3303000,fsothern6c@dailymail.co.uk,functionalities Toys,"Jl. Fieldstone no. 510, Reszel 11-440",37,RSL9582205741958,POS PAKET KILAT
V0000411,3/4/2016,07/04/2016 07:14,3,Rp5114000,epotte5n@redcross.org,Decentralized Grocery,"Jl. Clove no. 219, Carauari 69500-000",71,CRA8867669541886,WAHANA
V0000412,17/11/2016,20/11/2016 16:38,4,Rp1824000,kjuorio31@t.co,installation Computers,"Jl. Dunning no. 486, Karlskrona 371 84",7,KRKK027004974102,TIKI REGULER
V0000413,18/4/2017,20/04/2017 08:30,4,Rp2077000,gzapata4o@slideshare.net,Future-proofed Toys,"Jl. 8th no. 263, Bejsce 28-512",93,BJE5324052941532,WAHANA
V0000414,26/11/2016,30/11/2016 22:26,4,Rp4006000,jguice6f@cyberchimps.com,time-frame Health,"Jl. Mockingbird no. 566, Perpignan 66845 CEDEX",62,PRGA931299108413,JNE REGULER
V0000415,14/3/2016,17/03/2016 01:00,2,Rp1260000,ao4u@posterous.com,asynchronous Industrial,"Jl. Rusk no. 82, Tlogosari ",24,TOS5027197541502,WAHANA
V0000416,2/4/2016,05/04/2016 01:24,4,Rp5851000,sbellward3z@google.com,groupware Books,"Jl. Derek no. 281, Balinad 4506",79,BLA3720659541372,POS PAKET BIASA
V0000417,5/4/2016,09/04/2016 23:34,4,Rp9694000,istoate5w@wix.com,non-volatile Games,"Jl. Carey no. 864, Podgortsy ",65,PDR6529989541652,POS PAKET BIASA
V0000418,29/1/2016,01/02/2016 05:54,4,Rp3689000,fsothern6c@dailymail.co.uk,Business-focused Jewelery,"Jl. Everett no. 375, Monte Caseros 3220",37,MN 8486404541848,PAHALA
V0000419,21/9/2016,23/09/2016 10:45,3,Rp8707000,rpitwayj@elegantthemes.com,conglomeration Jewelery,"Jl. Eastlawn no. 904, Iksha 141860",34,IS00745447410074,JNE OKE
V0000420,2/1/2017,05/01/2017 22:32,4,Rp2904000,glarmett22@reuters.com,alliance Toys,"Jl. Quincy no. 174, Margasana ",58,MRS3536933841353,JNE REGULER
V0000421,10/4/2017,13/04/2017 17:08,4,Rp3812000,hlinklet1a@answers.com,circuit Automotive,"Jl. Shopko no. 366, Andir ",3,AD93144819419314,JNE YES
V0000422,1/6/2016,03/06/2016 06:56,4,Rp5982000,nleither16@google.it,analyzer Computers,"Jl. Bellgrove no. 312, Memphis 38188",71,MMITN26146746412,JNE REGULER
V0000423,29/8/2016,31/08/2016 21:41,3,Rp5616000,vgissing12@google.fr,mission-critical Electronics,"Jl. Gina no. 228, Erniusuokou ",78,ENS5886052741588,POS PAKET KILAT
V0000424,11/1/2016,14/01/2016 03:14,4,Rp8645000,gwhitsun5m@china.com.cn,Robust Garden,"Jl. Boyd no. 595, Krajan Tanjungrejo ",65,KAN9502842541950,WAHANA
V0000425,16/1/2017,18/01/2017 04:52,3,Rp8506000,mtooley1s@storify.com,Up-sized Movies,"Jl. Maywood no. 239, Bagneux 92224 CEDEX",93,BGUA887324548418,PAHALA
V0000426,11/2/2017,14/02/2017 01:30,2,Rp7652000,kantoniat5b@hc360.com,Future-proofed Toys,"Jl. Hauk no. 33, Nakanojōmachi 377-0816",95,NKO2366776841236,JNE REGULER
V0000427,17/10/2016,21/10/2016 23:47,4,Rp736000,rjodrelle1c@latimes.com,Implemented Grocery,"Jl. Bluejay no. 589, Pedreira 9630-189",68,PDI4234084767413,JNE REGULER
V0000428,15/12/2016,18/12/2016 21:20,3,Rp9855000,bbryant56@bbc.co.uk,knowledge base Games,"Jl. Ridge Oak no. 984, São Bento 58865-000",97,SOE1086381841108,WAHANA
V0000429,1/4/2016,,1,Rp737000,ryedall62@arizona.edu,customer loyalty Movies,"Jl. Derek no. 844, San Antonio 78436",8,SNNSLP1009259541,POS PAKET BIASA
V0000430,6/1/2017,09/01/2017 12:32,2,Rp2823000,scantu60@icio.us,monitoring Books,"Jl. Katie no. 735, Oxford K7A",23,OFDNS53950738415,JNE REGULER
V0000431,20/4/2016,24/04/2016 10:19,2,Rp8338000,gwhitsun5m@china.com.cn,global Tools,"Jl. Forster no. 827, Thouars 79104 CEDEX",81,TORB705574116410,J&T EXPRESS
V0000432,8/4/2017,11/04/2017 01:59,3,Rp643000,amilstead5i@umich.edu,Ameliorated Movies,"Jl. Mockingbird no. 119, Madona ",68,MDA2876161941287,POS PAKET KILAT
V0000433,18/4/2017,21/04/2017 14:56,4,Rp3399000,lkobpac5u@nih.gov,Compatible Outdoors,"Jl. 2nd no. 445, Westport 7866",71,WSO4737252941473,WAHANA
V0000434,2/5/2016,04/05/2016 03:31,3,Rp2401000,kviles24@1688.com,Advanced Baby,"Jl. Fulton no. 476, Kojagete ",77,KJE2789512641278,LION PARCEL
V0000435,18/9/2016,20/09/2016 07:48,2,Rp4421000,forudden6m@webeden.co.uk,algorithm Garden,"Jl. Blaine no. 508, Filiátes ",90,FLT7294814741729,POS PAKET BIASA
V0000436,6/10/2016,09/10/2016 15:34,4,Rp6641000,ffarncombe5h@theguardian.com,eco-centric Industrial,"Jl. School no. 774, San Bernardino ",54,SNE7908675741790,POS PAKET KILAT
V0000437,4/12/2016,07/12/2016 01:39,2,Rp2897000,odredge3a@sogou.com,Implemented Grocery,"Jl. Eastwood no. 512, Kalahang ",65,KLA0855180841085,TIKI REGULER
V0000438,15/1/2016,18/01/2016 12:43,4,Rp4000,bweaver4f@ebay.com,complexity Tools,"Jl. Pepper Wood no. 18, Carania ",36,CRI6871682541687,WAHANA
V0000439,26/7/2016,30/07/2016 17:55,2,Rp3766000,olindeboom6x@adobe.com,Persevering Outdoors,"Jl. Eastlawn no. 866, Santo Tomé 5719",18,SN 0275559641027,WAHANA
V0000440,31/3/2017,04/04/2017 03:21,2,Rp8901000,tadame4c@alexa.com,groupware Books,"Jl. Montana no. 775, Eman ",51,EA40503909414050,LION PARCEL
V0000441,26/2/2017,02/03/2017 05:09,4,Rp5322000,cvigars47@irs.gov,solution-oriented Baby,"Jl. Garrison no. 517, San Casimiro ",68,SNA5675808841567,JNE REGULER
V0000442,20/3/2016,24/03/2016 23:31,3,Rp8981000,dbasire4n@nasa.gov,Persevering Outdoors,"Jl. Bonner no. 614, Winong ",99,WNG5666158541566,LION PARCEL
V0000443,25/8/2016,29/08/2016 19:08,3,Rp7295000,scantu60@icio.us,Customizable Shoes,"Jl. Hagan no. 289, Banjar Baleagung ",66,BNR1212512741121,WAHANA
V0000444,12/9/2016,14/09/2016 09:12,2,Rp8181000,dcaulfield2q@dmoz.org,Diverse Movies,"Jl. Dapin no. 781, Yinghua ",95,YNU6351763741635,POS PAKET KILAT
V0000445,28/1/2016,30/01/2016 00:32,4,Rp6603000,svezey6j@va.gov,algorithm Music,"Jl. Eliot no. 770, Roma 00163",13,RMLZ571149354157,JNE REGULER
V0000446,9/4/2017,12/04/2017 12:03,2,Rp2618000,pbroadbear2a@indiatimes.com,task-force Movies,"Jl. Sycamore no. 19, Schäffern 8243",67,SHF0620493719412,TIKI REGULER
V0000447,9/8/2016,11/08/2016 11:17,3,Rp3011000,nverlinde5l@globo.com,system engine Computers,"Jl. Graceland no. 115, Ust’-Kut 162176",79,UTK3541470741354,JNE REGULER
V0000448,16/3/2017,,1,Rp1649000,fburkman2b@twitpic.com,Implemented Games,"Jl. Gulseth no. 915, Uzdin ",67,UD27530798412753,J&T EXPRESS
V0000449,3/12/2016,06/12/2016 04:40,4,Rp6329000,smeachen33@chronoengine.com,circuit Automotive,"Jl. Logan no. 28, Mollās̄ānī ",55,MLS6200470841620,POS PAKET KILAT
V0000450,31/12/2016,02/01/2017 02:43,2,Rp9491000,mthebeau1v@ed.gov,Stand-alone Outdoors,"Jl. Bay no. 662, Santa Elena de Uairén ",36,SN 8222513841822,PAHALA
V0000451,13/12/2016,15/12/2016 11:31,2,Rp3917000,lehrat55@spiegel.de,software Garden,"Jl. Delaware no. 560, Sápes ",62,SP56682618415668,JNE YES
V0000452,22/1/2017,,1,Rp4273000,hlodford3j@slate.com,software Garden,"Jl. Dunning no. 750, Hakodate 704-8124",89,HKA2151905841215,PAHALA
V0000453,14/4/2017,18/04/2017 12:11,3,Rp8304000,bcradick3t@squidoo.com,Implemented Games,"Jl. Reindahl no. 4, Al Aḩmadī ",19,A M0981712941098,WAHANA
V0000454,21/3/2016,23/03/2016 18:27,2,Rp6326000,rexley26@barnesandnoble.com,tertiary Home,"Jl. Thackeray no. 2, Puerto Aisén ",27,PEO6284858541628,TIKI REGULER
V0000455,11/4/2017,15/04/2017 18:57,2,Rp1963000,istreeton2u@yellowbook.com,analyzing Computers,"Jl. Brentwood no. 413, Kidangbang ",86,KDG8307391941830,POS PAKET BIASA
V0000456,26/4/2016,29/04/2016 05:43,4,Rp7906000,kantoniat5b@hc360.com,software Books,"Jl. Burning Wood no. 327, Koszarawa 34-332",69,KSR8349461641834,TIKI REGULER
V0000457,19/2/2017,,1,Rp8157000,eduddle34@redcross.org,asymmetric Baby,"Jl. Lunder no. 987, Pindangan Centro 8603",60,PNN8812257841881,J&T EXPRESS
V0000458,13/4/2017,15/04/2017 22:23,3,Rp9645000,lcolicot4d@behance.net,empowering Beauty,"Jl. Aberg no. 725, Ambatondrazaka ",39,ABO4022212941402,LION PARCEL
V0000459,29/11/2016,01/12/2016 17:16,2,Rp4981000,nrentoll4q@nytimes.com,analyzing Computers,"Jl. Everett no. 685, Koźle 47-280",100,Kź40893408414089,WAHANA
V0000460,7/3/2016,10/03/2016 12:38,4,Rp2063000,bbryant56@bbc.co.uk,asynchronous Industrial,"Jl. Lillian no. 821, Rungis 94598 CEDEX 2",94,RNSA831345375413,J&T EXPRESS
V0000461,23/10/2016,25/10/2016 02:00,4,Rp5485000,ehegley25@seattletimes.com,Customer-focused Kids,"Jl. Walton no. 895, Adela 3332",8,AE93088177419308,J&T EXPRESS
V0000462,4/4/2016,06/04/2016 08:28,3,Rp1225000,md3c@about.com,Re-engineered Jewelery,"Jl. Amoth no. 999, Garland 75044",91,GRNTX12585795411,PAHALA
V0000463,25/3/2016,27/03/2016 20:33,2,Rp5805000,tblackway61@51.la,Secured Baby,"Jl. Melody no. 89, Kumanis ",19,KMI1208398541120,LION PARCEL
V0000464,22/8/2016,26/08/2016 09:54,4,Rp2282000,tadame4c@alexa.com,Implemented Games,"Jl. Bobwhite no. 678, Fundación 10109",73,FNC6569581741656,LION PARCEL
V0000465,24/11/2016,28/11/2016 02:51,4,Rp8446000,vhabbeshawh@ifeng.com,Stand-alone Music,"Jl. Superior no. 349, Kotovo 403800",69,KTO8685599741868,PAHALA
V0000466,13/1/2017,,1,Rp1649000,kaleevyq@msn.com,mission-critical Electronics,"Jl. Stephen no. 219, Jambangan ",83,JMN3223724841322,LION PARCEL
V0000467,21/4/2017,24/04/2017 08:39,4,Rp2827000,cseamans2c@indiatimes.com,Compatible Outdoors,"Jl. Magdeline no. 260, Jindřichov 788 23",39,JNI2693672941269,LION PARCEL
V0000468,6/7/2016,08/07/2016 19:32,4,Rp329000,sphidgin3y@newyorker.com,asynchronous Industrial,"Jl. Goodland no. 455, Mojogajeh ",72,MJA9353387641935,POS PAKET KILAT
V0000469,1/9/2016,,1,Rp6732000,wfullylovep@aboutads.info,analyzing Computers,"Jl. Grover no. 171, Douarnenez 29174 CEDEX",56,DUNA218709627411,LION PARCEL
V0000470,18/2/2016,21/02/2016 16:54,4,Rp313000,klind1n@diigo.com,grid-enabled Music,"Jl. Twin Pines no. 54, Maebaru 865-0126",55,MER9844185541984,PAHALA
V0000471,18/3/2016,20/03/2016 22:21,2,Rp5461000,ldoore32@loc.gov,Re-contextualized Automotive,"Jl. Nova no. 171, Mengdadazhuang ",93,MNA1969338541196,JNE YES
V0000472,22/1/2016,24/01/2016 19:15,3,Rp585000,cbakhrushint@reddit.com,Face to face Electronics,"Jl. Daystar no. 83, Glugur Tengah ",92,GUR5310943541531,POS PAKET BIASA
V0000473,24/2/2017,26/02/2017 12:51,2,Rp7061000,rhaselhurst41@netvibes.com,holistic Shoes,"Jl. Nelson no. 967, Kuidou ",92,KIU6760497841676,POS PAKET BIASA
V0000474,8/11/2016,10/11/2016 04:38,4,Rp9517000,hlodford3j@slate.com,functionalities Toys,"Jl. Killdeer no. 152, Donnacona G3M",8,DNCQC71997587417,TIKI REGULER
V0000475,7/8/2016,11/08/2016 13:22,4,Rp4639000,lmaunders4y@google.ca,knowledge base Games,"Jl. Parkside no. 660, Palestina 176048",92,PLT8516750741851,JNE REGULER
V0000476,24/4/2016,27/04/2016 00:27,2,Rp7605000,ntrevorr@fc2.com,algorithm Industrial,"Jl. Dawn no. 689, Lianyun ",91,LAU6767541641676,JNE OKE
V0000477,11/8/2016,13/08/2016 05:20,3,Rp565000,cvigars47@irs.gov,monitoring Books,"Jl. Annamark no. 423, Capalonga 4607",81,CPO8282980741828,J&T EXPRESS
V0000478,25/1/2016,,1,Rp4355000,rpigott17@vimeo.com,analyzer Computers,"Jl. Sauthoff no. 385, Yengiawat ",96,YNA3600173541360,POS PAKET BIASA
V0000479,24/4/2017,28/04/2017 11:34,2,Rp3046000,lradnage30@canalblog.com,Compatible Outdoors,"Jl. Dexter no. 823, Niujiang ",1,NUA7663303941766,JNE REGULER
V0000480,24/3/2016,26/03/2016 18:11,4,Rp948000,mpattison1d@spotify.com,installation Computers,"Jl. Melrose no. 508, Madona ",70,MDA9113488541911,WAHANA
V0000481,10/2/2016,14/02/2016 04:12,2,Rp1172000,hluney5c@bloglovin.com,empowering Beauty,"Jl. American no. 671, Chutove ",18,CUV2257705541225,LION PARCEL
V0000482,14/12/2016,,1,Rp9584000,mpattison1d@spotify.com,holistic Shoes,"Jl. Autumn Leaf no. 707, Sihanoukville ",94,SHO1450571841145,J&T EXPRESS
V0000483,16/2/2017,20/02/2017 17:45,2,Rp7002000,rstump59@thetimes.co.uk,mission-critical Baby,"Jl. Rigney no. 758, Los Arcos 6814",93,LSR7217627841721,JNE YES
V0000484,14/3/2017,17/03/2017 20:39,4,Rp4636000,agrimestone5s@jimdo.com,grid-enabled Music,"Jl. Bunker Hill no. 245, Borovskoy ",59,BRS8793259841879,JNE YES
V0000485,26/6/2016,28/06/2016 21:48,2,Rp9000000,fburkman2b@twitpic.com,solution-oriented Baby,"Jl. Lakeland no. 914, Freiria 2040-105",97,FEI1400777966410,PAHALA
V0000486,26/9/2016,28/09/2016 23:39,2,Rp5600000,olindeboom6x@adobe.com,Re-engineered Jewelery,"Jl. Shelley no. 461, Bamiantong ",90,BMN3413394741341,JNE OKE
V0000487,18/6/2016,22/06/2016 20:57,2,Rp9072000,rhaselhurst41@netvibes.com,Business-focused Jewelery,"Jl. Cambridge no. 706, Jayawangi ",41,JYA3443826641344,PAHALA
V0000488,2/10/2016,05/10/2016 18:06,4,Rp4981000,cseamans2c@indiatimes.com,Quality-focused Music,"Jl. Eastlawn no. 24, Casais 3100-806",54,CSS1051613457415,JNE REGULER
V0000489,16/5/2016,18/05/2016 23:35,2,Rp3617000,lcolicot4d@behance.net,Face to face Electronics,"Jl. Hallows no. 153, Gayamdesa ",78,GYD1271443641127,TIKI REGULER
V0000490,2/4/2016,06/04/2016 09:35,2,Rp1924000,wnotman6v@istockphoto.com,Stand-alone Music,"Jl. Mayfield no. 50, Copa ",59,CP75798595417579,POS PAKET BIASA
V0000491,1/10/2016,04/10/2016 10:41,2,Rp7755000,ptesh5a@salon.com,groupware Books,"Jl. Westport no. 253, Gutian ",77,GTN2748135741274,POS PAKET BIASA
V0000492,2/4/2017,04/04/2017 19:00,2,Rp9165000,mquittonden51@acquirethisname.com,radical Movies,"Jl. Upham no. 276, Mabini 6313",32,MBI8369511941836,PAHALA
V0000493,14/2/2017,17/02/2017 06:41,3,Rp7585000,claraway1l@parallels.com,instruction set Beauty,"Jl. Dunning no. 859, Karsin 83-440",12,KRN7744507841774,LION PARCEL
V0000494,24/7/2016,28/07/2016 09:11,3,Rp4040000,dbasire4n@nasa.gov,installation Computers,"Jl. Carpenter no. 350, Chiang Khan 42110",4,CIG4151539641415,J&T EXPRESS
V0000495,20/4/2016,22/04/2016 15:15,3,Rp3508000,ffarncombe5h@theguardian.com,frame Beauty,"Jl. Gulseth no. 638, Gulrip’shi ",68,GLP8535611641853,JNE YES
V0000496,4/1/2016,08/01/2016 13:52,3,Rp5417000,jhaggerstone6n@cisco.com,Organic Electronics,"Jl. Hauk no. 696, Levallois-Perret 92592 CEDEX",16,LVLA876551915417,TIKI REGULER
V0000497,8/3/2017,10/03/2017 20:39,4,Rp9491000,nrentoll4q@nytimes.com,reciprocal Health,"Jl. Boyd no. 871, Gävle 806 43",29,GVX0455009841045,J&T EXPRESS
V0000498,12/10/2016,,1,Rp2869000,vcarlton4x@jimdo.com,functionalities Home,"Jl. Waubesa no. 450, Saubara 44220-000",2,SUR3736726741373,POS PAKET KILAT
V0000499,17/4/2016,,1,Rp2631000,eduddle34@redcross.org,approach Kids,"Jl. Russell no. 922, Ningyuan ",14,NNU3869680641386,J&T EXPRESS
V0000500,29/11/2016,03/12/2016 08:02,3,Rp6604000,fportinari2r@cdc.gov,non-volatile Games,"Jl. Johnson no. 433, Slovenska Bistrica 2310",59,SON7556040841755,J&T EXPRESS
